{"note": "Single(64) variable gravity.", "results": [{"episode": 0, "average_return": -213.73402455527466, "episode_scores": [-441.20207366582395, -100.0, -100.0], "uncertainty": {"gravity": {"enabled": false, "default": -10, "range": [-15, -5], "value": -10}, "random_start_position": {"enabled": true, "default": [300, 400], "x_range": [0, 550], "y_range": [400, 401], "value": [0, 400]}}}, {"episode": 1, "average_return": -100.0, "episode_scores": [-100.0, -100.0, -100.0], "uncertainty": {"gravity": {"enabled": false, "default": -10, "range": [-15, -5], "value": -10}, "random_start_position": {"enabled": true, "default": [300, 400], "x_range": [0, 550], "y_range": [400, 401], "value": [0, 400]}}}], "config": {"general": {"model_type": "single", "save_results": true, "render_training": false, "render_evaluation": false}, "uncertainty": {"gravity": {"enabled": false, "default": -10, "range": [-15, -5], "value": "None"}, "random_start_position": {"enabled": true, "default": [300, 400], "x_range": [0, 550], "y_range": [400, 401], "value": "None"}}, "network": {"layers": [{"nodes": 64, "activation": "relu"}, {"nodes": 64, "activation": "relu"}, {"nodes": 4, "activation": "linear"}], "loss_function": "mse", "optimizer": "adam", "learning_rate": 0.001}, "training": {"batch_size": 64, "epsilon": {"min": 0.01, "max": 0.2, "change": 1}}, "number_of_episodes": 350, "max_steps": 1000, "input_dimensions": 8, "number_of_actions": 4, "gamma": 0.99, "save_location": "../models/", "memory": {"size": 1000000}, "evaluation_episodes": 1, "best_score_threshold": -10000, "robust_test_threshold": -10000}}