{"note": "Single(64) variable position.", "results": [{"episode": 0, "average_return": -128.58616962074976, "episode_scores": [-130.18597228115178, -124.5303527419654, -131.0421838391321], "uncertainty": {"wind": {"enabled": true, "default": 0, "range": [1, 19], "value": 19}, "gravity": {"enabled": false, "default": -10, "range": [-15, -5], "value": -10}, "random_start_position": {"enabled": false, "default": [300, 400], "x_range": [0, 550], "y_range": [400, 401], "value": [300, 400]}}}, {"episode": 1, "average_return": -155.67317243490206, "episode_scores": [-214.61690498758668, -124.24404418584626, -128.15856813127326], "uncertainty": {"wind": {"enabled": true, "default": 0, "range": [1, 19], "value": 10}, "gravity": {"enabled": false, "default": -10, "range": [-15, -5], "value": -10}, "random_start_position": {"enabled": false, "default": [300, 400], "x_range": [0, 550], "y_range": [400, 401], "value": [300, 400]}}}], "config": {"general": {"model_type": "single", "save_results": true, "render_training": true, "render_evaluation": true}, "uncertainty": {"wind": {"enabled": true, "default": 0, "range": [1, 19], "value": "None"}, "gravity": {"enabled": false, "default": -10, "range": [-15, -5], "value": "None"}, "random_start_position": {"enabled": false, "default": [300, 400], "x_range": [0, 550], "y_range": [400, 401], "value": "None"}}, "network": {"layers": [{"nodes": 64, "activation": "relu"}, {"nodes": 64, "activation": "relu"}, {"nodes": 4, "activation": "linear"}], "loss_function": "mse", "optimizer": "adam", "learning_rate": 0.001}, "training": {"batch_size": 64, "epsilon": {"min": 0.01, "max": 0.2, "change": 1}}, "number_of_episodes": 350, "max_steps": 1000, "input_dimensions": 8, "number_of_actions": 4, "gamma": 0.99, "save_location": "../models/", "memory": {"size": 1000000}, "evaluation_episodes": 1, "best_score": 200, "robust_test_threshold": 200}}