{"note": "Multi - None", "results": [{"episode": 0, "average_return": -292.5718796467109, "episode_scores": [-379.59240633255695, -398.12323260757574, -100.0], "uncertainty": {"wind": {"enabled": true, "default": 0, "range": [1, 19], "value": 10}, "gravity": {"enabled": true, "default": -10, "range": [-15, -5], "value": -10}, "random_start_position": {"enabled": true, "default": [300, 400], "x_range": [0, 550], "y_range": [400, 401], "value": [0, 400]}}}, {"episode": 1, "average_return": -396.84244356520657, "episode_scores": [-401.09246769839444, -440.28350793570746, -349.15135506151773], "uncertainty": {"wind": {"enabled": true, "default": 0, "range": [1, 19], "value": 10}, "gravity": {"enabled": true, "default": -10, "range": [-15, -5], "value": -10}, "random_start_position": {"enabled": true, "default": [300, 400], "x_range": [0, 550], "y_range": [400, 401], "value": [551, 400]}}}, {"episode": 2, "average_return": -645.2845666521357, "episode_scores": [-100.0, -1666.1608193782808, -169.6928805781264], "uncertainty": {"wind": {"enabled": true, "default": 0, "range": [1, 19], "value": 1}, "gravity": {"enabled": true, "default": -10, "range": [-15, -5], "value": -5}, "random_start_position": {"enabled": true, "default": [300, 400], "x_range": [0, 550], "y_range": [400, 401], "value": [551, 400]}}}, {"episode": 3, "average_return": -485.05306198253874, "episode_scores": [-203.35787485070347, -853.4269028905215, -398.37440820639097], "uncertainty": {"wind": {"enabled": true, "default": 0, "range": [1, 19], "value": 10}, "gravity": {"enabled": true, "default": -10, "range": [-15, -5], "value": -5}, "random_start_position": {"enabled": true, "default": [300, 400], "x_range": [0, 550], "y_range": [400, 401], "value": [275, 400]}}}, {"episode": 4, "average_return": -273.4997429920796, "episode_scores": [-100.0, -302.91613394411365, -417.5830950321251], "uncertainty": {"wind": {"enabled": true, "default": 0, "range": [1, 19], "value": 10}, "gravity": {"enabled": true, "default": -10, "range": [-15, -5], "value": -15}, "random_start_position": {"enabled": true, "default": [300, 400], "x_range": [0, 550], "y_range": [400, 401], "value": [551, 400]}}}, {"episode": 5, "average_return": -334.646199101461, "episode_scores": [-656.2309878378188, -100.0, -247.7076094665641], "uncertainty": {"wind": {"enabled": true, "default": 0, "range": [1, 19], "value": 19}, "gravity": {"enabled": true, "default": -10, "range": [-15, -5], "value": -15}, "random_start_position": {"enabled": true, "default": [300, 400], "x_range": [0, 550], "y_range": [400, 401], "value": [275, 400]}}}, {"episode": 6, "average_return": -273.438093575188, "episode_scores": [-368.804519290814, -351.50976143475, -100.0], "uncertainty": {"wind": {"enabled": true, "default": 0, "range": [1, 19], "value": 1}, "gravity": {"enabled": true, "default": -10, "range": [-15, -5], "value": -5}, "random_start_position": {"enabled": true, "default": [300, 400], "x_range": [0, 550], "y_range": [400, 401], "value": [0, 400]}}}, {"episode": 7, "average_return": -156.06526343388802, "episode_scores": [-100.0, -124.7504410773027, -243.44534922436134], "uncertainty": {"wind": {"enabled": true, "default": 0, "range": [1, 19], "value": 19}, "gravity": {"enabled": true, "default": -10, "range": [-15, -5], "value": -5}, "random_start_position": {"enabled": true, "default": [300, 400], "x_range": [0, 550], "y_range": [400, 401], "value": [275, 400]}}}, {"episode": 8, "average_return": -46.58534599051728, "episode_scores": [6.356420558772496, -2.416684333169556, -143.69577419715478], "uncertainty": {"wind": {"enabled": true, "default": 0, "range": [1, 19], "value": 19}, "gravity": {"enabled": true, "default": -10, "range": [-15, -5], "value": -10}, "random_start_position": {"enabled": true, "default": [300, 400], "x_range": [0, 550], "y_range": [400, 401], "value": [0, 400]}}}, {"episode": 9, "average_return": -214.26969059020485, "episode_scores": [-100.0, -128.62817646780525, -414.1808953028093], "uncertainty": {"wind": {"enabled": true, "default": 0, "range": [1, 19], "value": 10}, "gravity": {"enabled": true, "default": -10, "range": [-15, -5], "value": -5}, "random_start_position": {"enabled": true, "default": [300, 400], "x_range": [0, 550], "y_range": [400, 401], "value": [275, 400]}}}, {"episode": 10, "average_return": -322.2161962744439, "episode_scores": [-561.5316970601991, -305.1168917631327, -100.0], "uncertainty": {"wind": {"enabled": true, "default": 0, "range": [1, 19], "value": 19}, "gravity": {"enabled": true, "default": -10, "range": [-15, -5], "value": -10}, "random_start_position": {"enabled": true, "default": [300, 400], "x_range": [0, 550], "y_range": [400, 401], "value": [0, 400]}}}, {"episode": 11, "average_return": -405.666946866872, "episode_scores": [-664.3178643274812, -100.0, -452.68297627313495], "uncertainty": {"wind": {"enabled": true, "default": 0, "range": [1, 19], "value": 19}, "gravity": {"enabled": true, "default": -10, "range": [-15, -5], "value": -10}, "random_start_position": {"enabled": true, "default": [300, 400], "x_range": [0, 550], "y_range": [400, 401], "value": [275, 400]}}}, {"episode": 12, "average_return": -538.9720654579702, "episode_scores": [-504.1356200261596, -616.8918654755821, -495.8887108721689], "uncertainty": {"wind": {"enabled": true, "default": 0, "range": [1, 19], "value": 10}, "gravity": {"enabled": true, "default": -10, "range": [-15, -5], "value": -5}, "random_start_position": {"enabled": true, "default": [300, 400], "x_range": [0, 550], "y_range": [400, 401], "value": [0, 400]}}}, {"episode": 13, "average_return": -266.8941525854888, "episode_scores": [-355.3863418774368, -100.0, -345.29611587902957], "uncertainty": {"wind": {"enabled": true, "default": 0, "range": [1, 19], "value": 19}, "gravity": {"enabled": true, "default": -10, "range": [-15, -5], "value": -10}, "random_start_position": {"enabled": true, "default": [300, 400], "x_range": [0, 550], "y_range": [400, 401], "value": [275, 400]}}}, {"episode": 14, "average_return": -209.08552753457772, "episode_scores": [-137.54097726260346, -389.7156053411297, -100.0], "uncertainty": {"wind": {"enabled": true, "default": 0, "range": [1, 19], "value": 1}, "gravity": {"enabled": true, "default": -10, "range": [-15, -5], "value": -10}, "random_start_position": {"enabled": true, "default": [300, 400], "x_range": [0, 550], "y_range": [400, 401], "value": [0, 400]}}}, {"episode": 15, "average_return": -118.44476013017879, "episode_scores": [-143.5446479970417, -111.78963239349471, -100.0], "uncertainty": {"wind": {"enabled": true, "default": 0, "range": [1, 19], "value": 19}, "gravity": {"enabled": true, "default": -10, "range": [-15, -5], "value": -10}, "random_start_position": {"enabled": true, "default": [300, 400], "x_range": [0, 550], "y_range": [400, 401], "value": [0, 400]}}}, {"episode": 16, "average_return": -248.60877492725635, "episode_scores": [-445.8662329197802, -45.83695790782415, -254.1231339541647], "uncertainty": {"wind": {"enabled": true, "default": 0, "range": [1, 19], "value": 10}, "gravity": {"enabled": true, "default": -10, "range": [-15, -5], "value": -15}, "random_start_position": {"enabled": true, "default": [300, 400], "x_range": [0, 550], "y_range": [400, 401], "value": [275, 400]}}}, {"episode": 17, "average_return": -211.42281230462194, "episode_scores": [-294.82331982055314, -239.44511709331272, -100.0], "uncertainty": {"wind": {"enabled": true, "default": 0, "range": [1, 19], "value": 10}, "gravity": {"enabled": true, "default": -10, "range": [-15, -5], "value": -10}, "random_start_position": {"enabled": true, "default": [300, 400], "x_range": [0, 550], "y_range": [400, 401], "value": [0, 400]}}}, {"episode": 18, "average_return": -198.7875724180312, "episode_scores": [-180.54546747874682, -113.61304456782032, -302.20420520752646], "uncertainty": {"wind": {"enabled": true, "default": 0, "range": [1, 19], "value": 19}, "gravity": {"enabled": true, "default": -10, "range": [-15, -5], "value": -5}, "random_start_position": {"enabled": true, "default": [300, 400], "x_range": [0, 550], "y_range": [400, 401], "value": [0, 400]}}}, {"episode": 19, "average_return": -146.49284000263881, "episode_scores": [-159.995304584163, -197.24662228161236, -82.23659314214117], "uncertainty": {"wind": {"enabled": true, "default": 0, "range": [1, 19], "value": 10}, "gravity": {"enabled": true, "default": -10, "range": [-15, -5], "value": -5}, "random_start_position": {"enabled": true, "default": [300, 400], "x_range": [0, 550], "y_range": [400, 401], "value": [0, 400]}}}, {"episode": 20, "average_return": -155.75398651576913, "episode_scores": [-131.90886027227515, -100.0, -235.35309927503226], "uncertainty": {"wind": {"enabled": true, "default": 0, "range": [1, 19], "value": 19}, "gravity": {"enabled": true, "default": -10, "range": [-15, -5], "value": -5}, "random_start_position": {"enabled": true, "default": [300, 400], "x_range": [0, 550], "y_range": [400, 401], "value": [551, 400]}}}, {"episode": 21, "average_return": -181.39822484867022, "episode_scores": [-100.0, -133.2952439564716, -310.899430589539], "uncertainty": {"wind": {"enabled": true, "default": 0, "range": [1, 19], "value": 19}, "gravity": {"enabled": true, "default": -10, "range": [-15, -5], "value": -5}, "random_start_position": {"enabled": true, "default": [300, 400], "x_range": [0, 550], "y_range": [400, 401], "value": [275, 400]}}}, {"episode": 22, "average_return": -138.8377250067359, "episode_scores": [-145.85213638717235, -134.99256846999245, -135.66847016304288], "uncertainty": {"wind": {"enabled": true, "default": 0, "range": [1, 19], "value": 1}, "gravity": {"enabled": true, "default": -10, "range": [-15, -5], "value": -15}, "random_start_position": {"enabled": true, "default": [300, 400], "x_range": [0, 550], "y_range": [400, 401], "value": [551, 400]}}}, {"episode": 23, "average_return": -94.31013787518737, "episode_scores": [-100.0, -70.25173074740195, -112.67868287816013], "uncertainty": {"wind": {"enabled": true, "default": 0, "range": [1, 19], "value": 1}, "gravity": {"enabled": true, "default": -10, "range": [-15, -5], "value": -15}, "random_start_position": {"enabled": true, "default": [300, 400], "x_range": [0, 550], "y_range": [400, 401], "value": [551, 400]}}}, {"episode": 24, "average_return": -95.59841618556634, "episode_scores": [-100.0, -65.9242899312415, -120.87095862545752], "uncertainty": {"wind": {"enabled": true, "default": 0, "range": [1, 19], "value": 19}, "gravity": {"enabled": true, "default": -10, "range": [-15, -5], "value": -5}, "random_start_position": {"enabled": true, "default": [300, 400], "x_range": [0, 550], "y_range": [400, 401], "value": [551, 400]}}}, {"episode": 25, "average_return": -99.47384534317864, "episode_scores": [-97.33443999361108, -97.01814362023066, -104.06895241569413], "uncertainty": {"wind": {"enabled": true, "default": 0, "range": [1, 19], "value": 19}, "gravity": {"enabled": true, "default": -10, "range": [-15, -5], "value": -5}, "random_start_position": {"enabled": true, "default": [300, 400], "x_range": [0, 550], "y_range": [400, 401], "value": [0, 400]}}}, {"episode": 26, "average_return": -62.932438236189135, "episode_scores": [-91.66463422080655, -127.06069722366888, 29.928016735908045], "uncertainty": {"wind": {"enabled": true, "default": 0, "range": [1, 19], "value": 19}, "gravity": {"enabled": true, "default": -10, "range": [-15, -5], "value": -10}, "random_start_position": {"enabled": true, "default": [300, 400], "x_range": [0, 550], "y_range": [400, 401], "value": [0, 400]}}}, {"episode": 27, "average_return": -51.701412397590616, "episode_scores": [-100.0, -156.54293259953846, 101.43869540676663], "uncertainty": {"wind": {"enabled": true, "default": 0, "range": [1, 19], "value": 10}, "gravity": {"enabled": true, "default": -10, "range": [-15, -5], "value": -10}, "random_start_position": {"enabled": true, "default": [300, 400], "x_range": [0, 550], "y_range": [400, 401], "value": [275, 400]}}}, {"episode": 28, "average_return": -321.51014835456664, "episode_scores": [-457.38549744363326, -105.71422297714867, -401.4307246429179], "uncertainty": {"wind": {"enabled": true, "default": 0, "range": [1, 19], "value": 19}, "gravity": {"enabled": true, "default": -10, "range": [-15, -5], "value": -10}, "random_start_position": {"enabled": true, "default": [300, 400], "x_range": [0, 550], "y_range": [400, 401], "value": [275, 400]}}}, {"episode": 29, "average_return": -148.29197591514017, "episode_scores": [-168.62918213012946, -63.433635270712436, -212.81311034457863], "uncertainty": {"wind": {"enabled": true, "default": 0, "range": [1, 19], "value": 19}, "gravity": {"enabled": true, "default": -10, "range": [-15, -5], "value": -5}, "random_start_position": {"enabled": true, "default": [300, 400], "x_range": [0, 550], "y_range": [400, 401], "value": [275, 400]}}}], "config": {"general": {"model_type": "multi", "save_results": true, "render_training": false, "render_evaluation": false, "verbose": true}, "uncertainty": {"wind": {"enabled": true, "default": 0, "range": [1, 19], "value": "None"}, "gravity": {"enabled": true, "default": -10, "range": [-15, -5], "value": "None"}, "random_start_position": {"enabled": true, "default": [300, 400], "x_range": [0, 550], "y_range": [400, 401], "value": "None"}}, "network": {"layers": [{"nodes": 128, "activation": "relu"}, {"nodes": 128, "activation": "relu"}, {"nodes": 128, "activation": "relu"}, {"nodes": 4, "activation": "linear"}], "loss_function": "mse", "optimizer": "adam", "learning_rate": 0.001}, "training": {"batch_size": 64, "epsilon": {"min": 0.01, "max": 0.2, "change": 1}}, "number_of_episodes": 1000, "max_steps": 500, "number_of_actions": 4, "gamma": 0.99, "save_location": "../models/", "memory": {"size": 1000000}, "evaluation_episodes": 1, "best_score": 200, "robust_test_threshold": 200, "input_dimensions": 44}}