{"note": "Multi (64) - None", "results": [{"episode": 0, "average_return": -320.4228569449228, "episode_scores": [-11.983394159044778, -762.84208470783, -186.44309196789345], "uncertainty": {"wind": {"enabled": false, "default": 0, "range": [1, 19], "value": 0}, "gravity": {"enabled": false, "default": -10, "range": [-15, -5], "value": -10}, "random_start_position": {"enabled": false, "default": [300, 400], "x_range": [0, 550], "y_range": [400, 401], "value": [300, 400]}}}, {"episode": 1, "average_return": -591.1488891346049, "episode_scores": [-501.80488558976106, -608.9946632697311, -662.6471185443229], "uncertainty": {"wind": {"enabled": false, "default": 0, "range": [1, 19], "value": 0}, "gravity": {"enabled": false, "default": -10, "range": [-15, -5], "value": -10}, "random_start_position": {"enabled": false, "default": [300, 400], "x_range": [0, 550], "y_range": [400, 401], "value": [300, 400]}}}, {"episode": 2, "average_return": -541.4533840380409, "episode_scores": [-566.1080502264538, -829.3973529970115, -228.85474889065745], "uncertainty": {"wind": {"enabled": false, "default": 0, "range": [1, 19], "value": 0}, "gravity": {"enabled": false, "default": -10, "range": [-15, -5], "value": -10}, "random_start_position": {"enabled": false, "default": [300, 400], "x_range": [0, 550], "y_range": [400, 401], "value": [300, 400]}}}, {"episode": 3, "average_return": -582.7430899772467, "episode_scores": [-563.2848436360882, -572.9142323574135, -612.0301939382382], "uncertainty": {"wind": {"enabled": false, "default": 0, "range": [1, 19], "value": 0}, "gravity": {"enabled": false, "default": -10, "range": [-15, -5], "value": -10}, "random_start_position": {"enabled": false, "default": [300, 400], "x_range": [0, 550], "y_range": [400, 401], "value": [300, 400]}}}, {"episode": 4, "average_return": -965.1263703045602, "episode_scores": [-1023.7820554681974, -1062.7090387740727, -808.8880166714102], "uncertainty": {"wind": {"enabled": false, "default": 0, "range": [1, 19], "value": 0}, "gravity": {"enabled": false, "default": -10, "range": [-15, -5], "value": -10}, "random_start_position": {"enabled": false, "default": [300, 400], "x_range": [0, 550], "y_range": [400, 401], "value": [300, 400]}}}, {"episode": 5, "average_return": -205.97100262314916, "episode_scores": [-8.373254401838324, -292.55921446308474, -316.9805390045244], "uncertainty": {"wind": {"enabled": false, "default": 0, "range": [1, 19], "value": 0}, "gravity": {"enabled": false, "default": -10, "range": [-15, -5], "value": -10}, "random_start_position": {"enabled": false, "default": [300, 400], "x_range": [0, 550], "y_range": [400, 401], "value": [300, 400]}}}, {"episode": 6, "average_return": -463.4162483519151, "episode_scores": [-431.57752527115724, -381.83188562372305, -576.8393341608651], "uncertainty": {"wind": {"enabled": false, "default": 0, "range": [1, 19], "value": 0}, "gravity": {"enabled": false, "default": -10, "range": [-15, -5], "value": -10}, "random_start_position": {"enabled": false, "default": [300, 400], "x_range": [0, 550], "y_range": [400, 401], "value": [300, 400]}}}, {"episode": 7, "average_return": -554.9549844263264, "episode_scores": [-546.7053484769153, -661.8972614983966, -456.2623433036671], "uncertainty": {"wind": {"enabled": false, "default": 0, "range": [1, 19], "value": 0}, "gravity": {"enabled": false, "default": -10, "range": [-15, -5], "value": -10}, "random_start_position": {"enabled": false, "default": [300, 400], "x_range": [0, 550], "y_range": [400, 401], "value": [300, 400]}}}, {"episode": 8, "average_return": -165.72590631431467, "episode_scores": [-121.99559704384717, -104.42070178503914, -270.7614201140577], "uncertainty": {"wind": {"enabled": false, "default": 0, "range": [1, 19], "value": 0}, "gravity": {"enabled": false, "default": -10, "range": [-15, -5], "value": -10}, "random_start_position": {"enabled": false, "default": [300, 400], "x_range": [0, 550], "y_range": [400, 401], "value": [300, 400]}}}, {"episode": 9, "average_return": -142.9480286564229, "episode_scores": [-97.06822705281405, -21.144537586176654, -310.63132133027796], "uncertainty": {"wind": {"enabled": false, "default": 0, "range": [1, 19], "value": 0}, "gravity": {"enabled": false, "default": -10, "range": [-15, -5], "value": -10}, "random_start_position": {"enabled": false, "default": [300, 400], "x_range": [0, 550], "y_range": [400, 401], "value": [300, 400]}}}, {"episode": 10, "average_return": -477.69699002625083, "episode_scores": [-706.9739395596114, -132.0445455129767, -594.0724850061645], "uncertainty": {"wind": {"enabled": false, "default": 0, "range": [1, 19], "value": 0}, "gravity": {"enabled": false, "default": -10, "range": [-15, -5], "value": -10}, "random_start_position": {"enabled": false, "default": [300, 400], "x_range": [0, 550], "y_range": [400, 401], "value": [300, 400]}}}, {"episode": 11, "average_return": -162.62991632521488, "episode_scores": [-124.60165265880325, -256.66995021378943, -106.61814610305196], "uncertainty": {"wind": {"enabled": false, "default": 0, "range": [1, 19], "value": 0}, "gravity": {"enabled": false, "default": -10, "range": [-15, -5], "value": -10}, "random_start_position": {"enabled": false, "default": [300, 400], "x_range": [0, 550], "y_range": [400, 401], "value": [300, 400]}}}, {"episode": 12, "average_return": -156.16711167359225, "episode_scores": [-135.20823383760032, -244.5651118305686, -88.7279893526078], "uncertainty": {"wind": {"enabled": false, "default": 0, "range": [1, 19], "value": 0}, "gravity": {"enabled": false, "default": -10, "range": [-15, -5], "value": -10}, "random_start_position": {"enabled": false, "default": [300, 400], "x_range": [0, 550], "y_range": [400, 401], "value": [300, 400]}}}, {"episode": 13, "average_return": -228.28231220062696, "episode_scores": [-106.3265298360803, -495.92323455897815, -82.59717220682236], "uncertainty": {"wind": {"enabled": false, "default": 0, "range": [1, 19], "value": 0}, "gravity": {"enabled": false, "default": -10, "range": [-15, -5], "value": -10}, "random_start_position": {"enabled": false, "default": [300, 400], "x_range": [0, 550], "y_range": [400, 401], "value": [300, 400]}}}, {"episode": 14, "average_return": -190.18786106737892, "episode_scores": [-220.27078496476992, -226.85787362618956, -123.4349246111773], "uncertainty": {"wind": {"enabled": false, "default": 0, "range": [1, 19], "value": 0}, "gravity": {"enabled": false, "default": -10, "range": [-15, -5], "value": -10}, "random_start_position": {"enabled": false, "default": [300, 400], "x_range": [0, 550], "y_range": [400, 401], "value": [300, 400]}}}, {"episode": 15, "average_return": -157.45003618302866, "episode_scores": [-233.57246763649306, -85.19434350951856, -153.58329740307437], "uncertainty": {"wind": {"enabled": false, "default": 0, "range": [1, 19], "value": 0}, "gravity": {"enabled": false, "default": -10, "range": [-15, -5], "value": -10}, "random_start_position": {"enabled": false, "default": [300, 400], "x_range": [0, 550], "y_range": [400, 401], "value": [300, 400]}}}, {"episode": 16, "average_return": -147.08007377241657, "episode_scores": [-88.59043196199974, -242.2367159341528, -110.41307342109715], "uncertainty": {"wind": {"enabled": false, "default": 0, "range": [1, 19], "value": 0}, "gravity": {"enabled": false, "default": -10, "range": [-15, -5], "value": -10}, "random_start_position": {"enabled": false, "default": [300, 400], "x_range": [0, 550], "y_range": [400, 401], "value": [300, 400]}}}, {"episode": 17, "average_return": -148.3646463812846, "episode_scores": [-174.1541551552877, -131.7050487259744, -139.2347352625916], "uncertainty": {"wind": {"enabled": false, "default": 0, "range": [1, 19], "value": 0}, "gravity": {"enabled": false, "default": -10, "range": [-15, -5], "value": -10}, "random_start_position": {"enabled": false, "default": [300, 400], "x_range": [0, 550], "y_range": [400, 401], "value": [300, 400]}}}, {"episode": 18, "average_return": -209.93481673290628, "episode_scores": [-194.4316194416641, -209.82079474082008, -225.55203601623467], "uncertainty": {"wind": {"enabled": false, "default": 0, "range": [1, 19], "value": 0}, "gravity": {"enabled": false, "default": -10, "range": [-15, -5], "value": -10}, "random_start_position": {"enabled": false, "default": [300, 400], "x_range": [0, 550], "y_range": [400, 401], "value": [300, 400]}}}, {"episode": 19, "average_return": -243.81128426973942, "episode_scores": [-265.8284090804822, -239.58951870122064, -226.0159250275154], "uncertainty": {"wind": {"enabled": false, "default": 0, "range": [1, 19], "value": 0}, "gravity": {"enabled": false, "default": -10, "range": [-15, -5], "value": -10}, "random_start_position": {"enabled": false, "default": [300, 400], "x_range": [0, 550], "y_range": [400, 401], "value": [300, 400]}}}, {"episode": 20, "average_return": -304.48497135717133, "episode_scores": [-249.3398239983038, -247.84254696826298, -416.27254310494726], "uncertainty": {"wind": {"enabled": false, "default": 0, "range": [1, 19], "value": 0}, "gravity": {"enabled": false, "default": -10, "range": [-15, -5], "value": -10}, "random_start_position": {"enabled": false, "default": [300, 400], "x_range": [0, 550], "y_range": [400, 401], "value": [300, 400]}}}, {"episode": 21, "average_return": -314.325124238446, "episode_scores": [-367.4333527837933, -307.62942293861, -267.9125969929346], "uncertainty": {"wind": {"enabled": false, "default": 0, "range": [1, 19], "value": 0}, "gravity": {"enabled": false, "default": -10, "range": [-15, -5], "value": -10}, "random_start_position": {"enabled": false, "default": [300, 400], "x_range": [0, 550], "y_range": [400, 401], "value": [300, 400]}}}, {"episode": 22, "average_return": -650.4274320239491, "episode_scores": [-1170.3377773624743, -223.10879056484038, -557.8357281445328], "uncertainty": {"wind": {"enabled": false, "default": 0, "range": [1, 19], "value": 0}, "gravity": {"enabled": false, "default": -10, "range": [-15, -5], "value": -10}, "random_start_position": {"enabled": false, "default": [300, 400], "x_range": [0, 550], "y_range": [400, 401], "value": [300, 400]}}}, {"episode": 23, "average_return": -197.6391548688273, "episode_scores": [-156.62082317368606, -207.2913359997757, -229.00530543302006], "uncertainty": {"wind": {"enabled": false, "default": 0, "range": [1, 19], "value": 0}, "gravity": {"enabled": false, "default": -10, "range": [-15, -5], "value": -10}, "random_start_position": {"enabled": false, "default": [300, 400], "x_range": [0, 550], "y_range": [400, 401], "value": [300, 400]}}}, {"episode": 24, "average_return": -55.06610519861814, "episode_scores": [-101.51477704236724, -54.87145112344472, -8.81208743004245], "uncertainty": {"wind": {"enabled": false, "default": 0, "range": [1, 19], "value": 0}, "gravity": {"enabled": false, "default": -10, "range": [-15, -5], "value": -10}, "random_start_position": {"enabled": false, "default": [300, 400], "x_range": [0, 550], "y_range": [400, 401], "value": [300, 400]}}}, {"episode": 25, "average_return": -211.75914828637113, "episode_scores": [-293.0152507687158, -1.73296014911719, -340.5292339412804], "uncertainty": {"wind": {"enabled": false, "default": 0, "range": [1, 19], "value": 0}, "gravity": {"enabled": false, "default": -10, "range": [-15, -5], "value": -10}, "random_start_position": {"enabled": false, "default": [300, 400], "x_range": [0, 550], "y_range": [400, 401], "value": [300, 400]}}}, {"episode": 26, "average_return": -714.3972488141435, "episode_scores": [-687.3763978405253, -827.4389636456577, -628.3763849562472], "uncertainty": {"wind": {"enabled": false, "default": 0, "range": [1, 19], "value": 0}, "gravity": {"enabled": false, "default": -10, "range": [-15, -5], "value": -10}, "random_start_position": {"enabled": false, "default": [300, 400], "x_range": [0, 550], "y_range": [400, 401], "value": [300, 400]}}}, {"episode": 27, "average_return": -437.5063217988218, "episode_scores": [-481.2678209860038, -326.5135691075112, -504.73757530295035], "uncertainty": {"wind": {"enabled": false, "default": 0, "range": [1, 19], "value": 0}, "gravity": {"enabled": false, "default": -10, "range": [-15, -5], "value": -10}, "random_start_position": {"enabled": false, "default": [300, 400], "x_range": [0, 550], "y_range": [400, 401], "value": [300, 400]}}}, {"episode": 28, "average_return": -65.80476569278149, "episode_scores": [-74.06642498833273, -91.02931778915902, -32.31855430085269], "uncertainty": {"wind": {"enabled": false, "default": 0, "range": [1, 19], "value": 0}, "gravity": {"enabled": false, "default": -10, "range": [-15, -5], "value": -10}, "random_start_position": {"enabled": false, "default": [300, 400], "x_range": [0, 550], "y_range": [400, 401], "value": [300, 400]}}}, {"episode": 29, "average_return": -243.96932438979323, "episode_scores": [-117.25673474529006, -491.8391451314898, -122.81209329259988], "uncertainty": {"wind": {"enabled": false, "default": 0, "range": [1, 19], "value": 0}, "gravity": {"enabled": false, "default": -10, "range": [-15, -5], "value": -10}, "random_start_position": {"enabled": false, "default": [300, 400], "x_range": [0, 550], "y_range": [400, 401], "value": [300, 400]}}}, {"episode": 30, "average_return": -423.3589963159082, "episode_scores": [-284.28454219256145, -679.0521003035799, -306.7403464515833], "uncertainty": {"wind": {"enabled": false, "default": 0, "range": [1, 19], "value": 0}, "gravity": {"enabled": false, "default": -10, "range": [-15, -5], "value": -10}, "random_start_position": {"enabled": false, "default": [300, 400], "x_range": [0, 550], "y_range": [400, 401], "value": [300, 400]}}}, {"episode": 31, "average_return": -542.3280682944333, "episode_scores": [-430.3342083823908, -546.1688923730516, -650.4811041278574], "uncertainty": {"wind": {"enabled": false, "default": 0, "range": [1, 19], "value": 0}, "gravity": {"enabled": false, "default": -10, "range": [-15, -5], "value": -10}, "random_start_position": {"enabled": false, "default": [300, 400], "x_range": [0, 550], "y_range": [400, 401], "value": [300, 400]}}}, {"episode": 32, "average_return": -231.22248504073198, "episode_scores": [-256.0002159773545, -281.0475485494482, -156.61969059539328], "uncertainty": {"wind": {"enabled": false, "default": 0, "range": [1, 19], "value": 0}, "gravity": {"enabled": false, "default": -10, "range": [-15, -5], "value": -10}, "random_start_position": {"enabled": false, "default": [300, 400], "x_range": [0, 550], "y_range": [400, 401], "value": [300, 400]}}}, {"episode": 33, "average_return": -147.6751852837159, "episode_scores": [-198.75332742915919, 11.6218165950078, -255.89404501699636], "uncertainty": {"wind": {"enabled": false, "default": 0, "range": [1, 19], "value": 0}, "gravity": {"enabled": false, "default": -10, "range": [-15, -5], "value": -10}, "random_start_position": {"enabled": false, "default": [300, 400], "x_range": [0, 550], "y_range": [400, 401], "value": [300, 400]}}}, {"episode": 34, "average_return": -50.81155482127156, "episode_scores": [-90.0693676001164, 7.835582686809031, -70.2008795505073], "uncertainty": {"wind": {"enabled": false, "default": 0, "range": [1, 19], "value": 0}, "gravity": {"enabled": false, "default": -10, "range": [-15, -5], "value": -10}, "random_start_position": {"enabled": false, "default": [300, 400], "x_range": [0, 550], "y_range": [400, 401], "value": [300, 400]}}}, {"episode": 35, "average_return": -24.66364086679489, "episode_scores": [-40.80385688411497, 17.506239564470018, -50.69330528073971], "uncertainty": {"wind": {"enabled": false, "default": 0, "range": [1, 19], "value": 0}, "gravity": {"enabled": false, "default": -10, "range": [-15, -5], "value": -10}, "random_start_position": {"enabled": false, "default": [300, 400], "x_range": [0, 550], "y_range": [400, 401], "value": [300, 400]}}}, {"episode": 36, "average_return": 16.813002728739463, "episode_scores": [79.58533784975889, -126.61833902874048, 97.47200936519998], "uncertainty": {"wind": {"enabled": false, "default": 0, "range": [1, 19], "value": 0}, "gravity": {"enabled": false, "default": -10, "range": [-15, -5], "value": -10}, "random_start_position": {"enabled": false, "default": [300, 400], "x_range": [0, 550], "y_range": [400, 401], "value": [300, 400]}}}, {"episode": 37, "average_return": -433.3398385184528, "episode_scores": [-345.45353912001053, -390.45614735341906, -564.1098290819286], "uncertainty": {"wind": {"enabled": false, "default": 0, "range": [1, 19], "value": 0}, "gravity": {"enabled": false, "default": -10, "range": [-15, -5], "value": -10}, "random_start_position": {"enabled": false, "default": [300, 400], "x_range": [0, 550], "y_range": [400, 401], "value": [300, 400]}}}, {"episode": 38, "average_return": -16.528279880682703, "episode_scores": [35.429161664378825, 27.764660303054793, -112.77866160948173], "uncertainty": {"wind": {"enabled": false, "default": 0, "range": [1, 19], "value": 0}, "gravity": {"enabled": false, "default": -10, "range": [-15, -5], "value": -10}, "random_start_position": {"enabled": false, "default": [300, 400], "x_range": [0, 550], "y_range": [400, 401], "value": [300, 400]}}}, {"episode": 39, "average_return": -32.19193670359789, "episode_scores": [-69.57624237413161, 15.426467053126839, -42.4260347897889], "uncertainty": {"wind": {"enabled": false, "default": 0, "range": [1, 19], "value": 0}, "gravity": {"enabled": false, "default": -10, "range": [-15, -5], "value": -10}, "random_start_position": {"enabled": false, "default": [300, 400], "x_range": [0, 550], "y_range": [400, 401], "value": [300, 400]}}}, {"episode": 40, "average_return": -135.52673725092552, "episode_scores": [-173.19700684725797, -154.64501830302228, -78.73818660249627], "uncertainty": {"wind": {"enabled": false, "default": 0, "range": [1, 19], "value": 0}, "gravity": {"enabled": false, "default": -10, "range": [-15, -5], "value": -10}, "random_start_position": {"enabled": false, "default": [300, 400], "x_range": [0, 550], "y_range": [400, 401], "value": [300, 400]}}}, {"episode": 41, "average_return": -101.3161561294158, "episode_scores": [-118.1343953438359, -118.71620763566894, -67.09786540874255], "uncertainty": {"wind": {"enabled": false, "default": 0, "range": [1, 19], "value": 0}, "gravity": {"enabled": false, "default": -10, "range": [-15, -5], "value": -10}, "random_start_position": {"enabled": false, "default": [300, 400], "x_range": [0, 550], "y_range": [400, 401], "value": [300, 400]}}}, {"episode": 42, "average_return": -9.0713397603648, "episode_scores": [-55.99461497426678, 61.69924962369254, -32.91865393052016], "uncertainty": {"wind": {"enabled": false, "default": 0, "range": [1, 19], "value": 0}, "gravity": {"enabled": false, "default": -10, "range": [-15, -5], "value": -10}, "random_start_position": {"enabled": false, "default": [300, 400], "x_range": [0, 550], "y_range": [400, 401], "value": [300, 400]}}}, {"episode": 43, "average_return": 52.27227260096682, "episode_scores": [65.93891654344948, 12.483994721873103, 78.39390653757788], "uncertainty": {"wind": {"enabled": false, "default": 0, "range": [1, 19], "value": 0}, "gravity": {"enabled": false, "default": -10, "range": [-15, -5], "value": -10}, "random_start_position": {"enabled": false, "default": [300, 400], "x_range": [0, 550], "y_range": [400, 401], "value": [300, 400]}}}, {"episode": 44, "average_return": -21.13862647571524, "episode_scores": [-79.15960718907658, -91.93501498567093, 107.6787427476018], "uncertainty": {"wind": {"enabled": false, "default": 0, "range": [1, 19], "value": 0}, "gravity": {"enabled": false, "default": -10, "range": [-15, -5], "value": -10}, "random_start_position": {"enabled": false, "default": [300, 400], "x_range": [0, 550], "y_range": [400, 401], "value": [300, 400]}}}, {"episode": 45, "average_return": -62.27460384553083, "episode_scores": [-149.1890514104382, 15.090833227653125, -52.72559335380738], "uncertainty": {"wind": {"enabled": false, "default": 0, "range": [1, 19], "value": 0}, "gravity": {"enabled": false, "default": -10, "range": [-15, -5], "value": -10}, "random_start_position": {"enabled": false, "default": [300, 400], "x_range": [0, 550], "y_range": [400, 401], "value": [300, 400]}}}, {"episode": 46, "average_return": 3.512297142873417, "episode_scores": [12.9923494101949, 53.154957526868714, -55.61041550844337], "uncertainty": {"wind": {"enabled": false, "default": 0, "range": [1, 19], "value": 0}, "gravity": {"enabled": false, "default": -10, "range": [-15, -5], "value": -10}, "random_start_position": {"enabled": false, "default": [300, 400], "x_range": [0, 550], "y_range": [400, 401], "value": [300, 400]}}}, {"episode": 47, "average_return": -50.48916722776628, "episode_scores": [-36.234001529652474, -99.22215093440295, -16.0113492192434], "uncertainty": {"wind": {"enabled": false, "default": 0, "range": [1, 19], "value": 0}, "gravity": {"enabled": false, "default": -10, "range": [-15, -5], "value": -10}, "random_start_position": {"enabled": false, "default": [300, 400], "x_range": [0, 550], "y_range": [400, 401], "value": [300, 400]}}}, {"episode": 48, "average_return": -20.83329660011682, "episode_scores": [29.064246654077802, -54.27817001612043, -37.28596643830783], "uncertainty": {"wind": {"enabled": false, "default": 0, "range": [1, 19], "value": 0}, "gravity": {"enabled": false, "default": -10, "range": [-15, -5], "value": -10}, "random_start_position": {"enabled": false, "default": [300, 400], "x_range": [0, 550], "y_range": [400, 401], "value": [300, 400]}}}, {"episode": 49, "average_return": -101.09828405702491, "episode_scores": [-106.48275858127799, -111.3150518832413, -85.49704170655546], "uncertainty": {"wind": {"enabled": false, "default": 0, "range": [1, 19], "value": 0}, "gravity": {"enabled": false, "default": -10, "range": [-15, -5], "value": -10}, "random_start_position": {"enabled": false, "default": [300, 400], "x_range": [0, 550], "y_range": [400, 401], "value": [300, 400]}}}, {"episode": 50, "average_return": 38.33086573493238, "episode_scores": [41.984440942370824, 38.89008897869799, 34.11806728372832], "uncertainty": {"wind": {"enabled": false, "default": 0, "range": [1, 19], "value": 0}, "gravity": {"enabled": false, "default": -10, "range": [-15, -5], "value": -10}, "random_start_position": {"enabled": false, "default": [300, 400], "x_range": [0, 550], "y_range": [400, 401], "value": [300, 400]}}}, {"episode": 51, "average_return": -169.71562104650138, "episode_scores": [-47.72066021909818, -171.81715738570227, -289.6090455347037], "uncertainty": {"wind": {"enabled": false, "default": 0, "range": [1, 19], "value": 0}, "gravity": {"enabled": false, "default": -10, "range": [-15, -5], "value": -10}, "random_start_position": {"enabled": false, "default": [300, 400], "x_range": [0, 550], "y_range": [400, 401], "value": [300, 400]}}}, {"episode": 52, "average_return": -97.61572761008695, "episode_scores": [-126.81694103345536, -118.28292153684926, -47.74732025995624], "uncertainty": {"wind": {"enabled": false, "default": 0, "range": [1, 19], "value": 0}, "gravity": {"enabled": false, "default": -10, "range": [-15, -5], "value": -10}, "random_start_position": {"enabled": false, "default": [300, 400], "x_range": [0, 550], "y_range": [400, 401], "value": [300, 400]}}}, {"episode": 53, "average_return": 37.512653755340814, "episode_scores": [39.79777027012212, 31.933390572555673, 40.806800423344654], "uncertainty": {"wind": {"enabled": false, "default": 0, "range": [1, 19], "value": 0}, "gravity": {"enabled": false, "default": -10, "range": [-15, -5], "value": -10}, "random_start_position": {"enabled": false, "default": [300, 400], "x_range": [0, 550], "y_range": [400, 401], "value": [300, 400]}}}, {"episode": 54, "average_return": 24.63240903839711, "episode_scores": [41.31198563796435, 40.7195988510276, -8.13435737380061], "uncertainty": {"wind": {"enabled": false, "default": 0, "range": [1, 19], "value": 0}, "gravity": {"enabled": false, "default": -10, "range": [-15, -5], "value": -10}, "random_start_position": {"enabled": false, "default": [300, 400], "x_range": [0, 550], "y_range": [400, 401], "value": [300, 400]}}}, {"episode": 55, "average_return": -19.33330369038298, "episode_scores": [-35.947032299187626, 23.692696914343227, -45.74557568630455], "uncertainty": {"wind": {"enabled": false, "default": 0, "range": [1, 19], "value": 0}, "gravity": {"enabled": false, "default": -10, "range": [-15, -5], "value": -10}, "random_start_position": {"enabled": false, "default": [300, 400], "x_range": [0, 550], "y_range": [400, 401], "value": [300, 400]}}}, {"episode": 56, "average_return": -154.40453046209726, "episode_scores": [-45.223692837891015, -61.65190792554873, -356.33799062285203], "uncertainty": {"wind": {"enabled": false, "default": 0, "range": [1, 19], "value": 0}, "gravity": {"enabled": false, "default": -10, "range": [-15, -5], "value": -10}, "random_start_position": {"enabled": false, "default": [300, 400], "x_range": [0, 550], "y_range": [400, 401], "value": [300, 400]}}}, {"episode": 57, "average_return": 37.852132041549346, "episode_scores": [46.77503894715242, 15.308206749472552, 51.473150428023075], "uncertainty": {"wind": {"enabled": false, "default": 0, "range": [1, 19], "value": 0}, "gravity": {"enabled": false, "default": -10, "range": [-15, -5], "value": -10}, "random_start_position": {"enabled": false, "default": [300, 400], "x_range": [0, 550], "y_range": [400, 401], "value": [300, 400]}}}, {"episode": 58, "average_return": 13.890903134917812, "episode_scores": [29.12401106226952, 8.041677332635938, 4.507021009847977], "uncertainty": {"wind": {"enabled": false, "default": 0, "range": [1, 19], "value": 0}, "gravity": {"enabled": false, "default": -10, "range": [-15, -5], "value": -10}, "random_start_position": {"enabled": false, "default": [300, 400], "x_range": [0, 550], "y_range": [400, 401], "value": [300, 400]}}}, {"episode": 59, "average_return": 38.713127910566854, "episode_scores": [51.01152870061352, 38.569057766302464, 26.558797264784587], "uncertainty": {"wind": {"enabled": false, "default": 0, "range": [1, 19], "value": 0}, "gravity": {"enabled": false, "default": -10, "range": [-15, -5], "value": -10}, "random_start_position": {"enabled": false, "default": [300, 400], "x_range": [0, 550], "y_range": [400, 401], "value": [300, 400]}}}, {"episode": 60, "average_return": 20.962040436925122, "episode_scores": [35.39780882722884, -22.12596940192654, 49.61428188547306], "uncertainty": {"wind": {"enabled": false, "default": 0, "range": [1, 19], "value": 0}, "gravity": {"enabled": false, "default": -10, "range": [-15, -5], "value": -10}, "random_start_position": {"enabled": false, "default": [300, 400], "x_range": [0, 550], "y_range": [400, 401], "value": [300, 400]}}}, {"episode": 61, "average_return": -249.02709552965925, "episode_scores": [-334.57922258846986, 36.863832879611536, -449.36589688011935], "uncertainty": {"wind": {"enabled": false, "default": 0, "range": [1, 19], "value": 0}, "gravity": {"enabled": false, "default": -10, "range": [-15, -5], "value": -10}, "random_start_position": {"enabled": false, "default": [300, 400], "x_range": [0, 550], "y_range": [400, 401], "value": [300, 400]}}}, {"episode": 62, "average_return": -69.09212904399884, "episode_scores": [-95.16012094252382, -30.006903353841476, -82.10936283563123], "uncertainty": {"wind": {"enabled": false, "default": 0, "range": [1, 19], "value": 0}, "gravity": {"enabled": false, "default": -10, "range": [-15, -5], "value": -10}, "random_start_position": {"enabled": false, "default": [300, 400], "x_range": [0, 550], "y_range": [400, 401], "value": [300, 400]}}}, {"episode": 63, "average_return": 24.368383435859826, "episode_scores": [10.472307378156954, 1.5744970238820155, 61.058345905540506], "uncertainty": {"wind": {"enabled": false, "default": 0, "range": [1, 19], "value": 0}, "gravity": {"enabled": false, "default": -10, "range": [-15, -5], "value": -10}, "random_start_position": {"enabled": false, "default": [300, 400], "x_range": [0, 550], "y_range": [400, 401], "value": [300, 400]}}}, {"episode": 64, "average_return": -5.2709622502364155, "episode_scores": [48.30772410853374, -102.08128231981678, 37.96067146057379], "uncertainty": {"wind": {"enabled": false, "default": 0, "range": [1, 19], "value": 0}, "gravity": {"enabled": false, "default": -10, "range": [-15, -5], "value": -10}, "random_start_position": {"enabled": false, "default": [300, 400], "x_range": [0, 550], "y_range": [400, 401], "value": [300, 400]}}}, {"episode": 65, "average_return": 30.087378624242813, "episode_scores": [35.95207537768317, 20.746547327920016, 33.56351316712525], "uncertainty": {"wind": {"enabled": false, "default": 0, "range": [1, 19], "value": 0}, "gravity": {"enabled": false, "default": -10, "range": [-15, -5], "value": -10}, "random_start_position": {"enabled": false, "default": [300, 400], "x_range": [0, 550], "y_range": [400, 401], "value": [300, 400]}}}, {"episode": 66, "average_return": -215.94579589871674, "episode_scores": [-28.929158534649204, -373.0842537341895, -245.82397542731155], "uncertainty": {"wind": {"enabled": false, "default": 0, "range": [1, 19], "value": 0}, "gravity": {"enabled": false, "default": -10, "range": [-15, -5], "value": -10}, "random_start_position": {"enabled": false, "default": [300, 400], "x_range": [0, 550], "y_range": [400, 401], "value": [300, 400]}}}, {"episode": 67, "average_return": 51.07281853304759, "episode_scores": [50.55561125178045, 61.82892599987068, 40.833918347491654], "uncertainty": {"wind": {"enabled": false, "default": 0, "range": [1, 19], "value": 0}, "gravity": {"enabled": false, "default": -10, "range": [-15, -5], "value": -10}, "random_start_position": {"enabled": false, "default": [300, 400], "x_range": [0, 550], "y_range": [400, 401], "value": [300, 400]}}}, {"episode": 68, "average_return": -117.45322419726922, "episode_scores": [110.56238067597081, -376.91708076001146, -86.00497250776706], "uncertainty": {"wind": {"enabled": false, "default": 0, "range": [1, 19], "value": 0}, "gravity": {"enabled": false, "default": -10, "range": [-15, -5], "value": -10}, "random_start_position": {"enabled": false, "default": [300, 400], "x_range": [0, 550], "y_range": [400, 401], "value": [300, 400]}}}, {"episode": 69, "average_return": -7.767168981174653, "episode_scores": [82.12356176268639, 28.1228565469376, -133.54792525314795], "uncertainty": {"wind": {"enabled": false, "default": 0, "range": [1, 19], "value": 0}, "gravity": {"enabled": false, "default": -10, "range": [-15, -5], "value": -10}, "random_start_position": {"enabled": false, "default": [300, 400], "x_range": [0, 550], "y_range": [400, 401], "value": [300, 400]}}}, {"episode": 70, "average_return": 66.29969813000996, "episode_scores": [24.825644089020948, 94.26052775904814, 79.81292254196076], "uncertainty": {"wind": {"enabled": false, "default": 0, "range": [1, 19], "value": 0}, "gravity": {"enabled": false, "default": -10, "range": [-15, -5], "value": -10}, "random_start_position": {"enabled": false, "default": [300, 400], "x_range": [0, 550], "y_range": [400, 401], "value": [300, 400]}}}, {"episode": 71, "average_return": -298.83295971211163, "episode_scores": [-277.56609732632177, -407.32943374394824, -211.60334806606485], "uncertainty": {"wind": {"enabled": false, "default": 0, "range": [1, 19], "value": 0}, "gravity": {"enabled": false, "default": -10, "range": [-15, -5], "value": -10}, "random_start_position": {"enabled": false, "default": [300, 400], "x_range": [0, 550], "y_range": [400, 401], "value": [300, 400]}}}, {"episode": 72, "average_return": -52.98662984529591, "episode_scores": [54.37760916812846, -144.3398119462048, -68.99768675781137], "uncertainty": {"wind": {"enabled": false, "default": 0, "range": [1, 19], "value": 0}, "gravity": {"enabled": false, "default": -10, "range": [-15, -5], "value": -10}, "random_start_position": {"enabled": false, "default": [300, 400], "x_range": [0, 550], "y_range": [400, 401], "value": [300, 400]}}}, {"episode": 73, "average_return": 67.18393770498412, "episode_scores": [-31.426571052281833, 82.80390234360995, 150.17448182362423], "uncertainty": {"wind": {"enabled": false, "default": 0, "range": [1, 19], "value": 0}, "gravity": {"enabled": false, "default": -10, "range": [-15, -5], "value": -10}, "random_start_position": {"enabled": false, "default": [300, 400], "x_range": [0, 550], "y_range": [400, 401], "value": [300, 400]}}}, {"episode": 74, "average_return": -37.621182656458295, "episode_scores": [-5.744367205988382, -42.535993700909884, -64.58318706247661], "uncertainty": {"wind": {"enabled": false, "default": 0, "range": [1, 19], "value": 0}, "gravity": {"enabled": false, "default": -10, "range": [-15, -5], "value": -10}, "random_start_position": {"enabled": false, "default": [300, 400], "x_range": [0, 550], "y_range": [400, 401], "value": [300, 400]}}}, {"episode": 75, "average_return": 74.7352197425615, "episode_scores": [66.08428923220268, 72.44194346433407, 85.67942653114775], "uncertainty": {"wind": {"enabled": false, "default": 0, "range": [1, 19], "value": 0}, "gravity": {"enabled": false, "default": -10, "range": [-15, -5], "value": -10}, "random_start_position": {"enabled": false, "default": [300, 400], "x_range": [0, 550], "y_range": [400, 401], "value": [300, 400]}}}, {"episode": 76, "average_return": -136.66571478067547, "episode_scores": [95.04375107091893, -224.91113119939607, -280.12976421354927], "uncertainty": {"wind": {"enabled": false, "default": 0, "range": [1, 19], "value": 0}, "gravity": {"enabled": false, "default": -10, "range": [-15, -5], "value": -10}, "random_start_position": {"enabled": false, "default": [300, 400], "x_range": [0, 550], "y_range": [400, 401], "value": [300, 400]}}}, {"episode": 77, "average_return": -361.71576379790196, "episode_scores": [-428.37162072894006, -103.98218651639385, -552.7934841483719], "uncertainty": {"wind": {"enabled": false, "default": 0, "range": [1, 19], "value": 0}, "gravity": {"enabled": false, "default": -10, "range": [-15, -5], "value": -10}, "random_start_position": {"enabled": false, "default": [300, 400], "x_range": [0, 550], "y_range": [400, 401], "value": [300, 400]}}}, {"episode": 78, "average_return": -47.77095381681617, "episode_scores": [-106.90623741053271, -46.54522216604336, 10.138598126127562], "uncertainty": {"wind": {"enabled": false, "default": 0, "range": [1, 19], "value": 0}, "gravity": {"enabled": false, "default": -10, "range": [-15, -5], "value": -10}, "random_start_position": {"enabled": false, "default": [300, 400], "x_range": [0, 550], "y_range": [400, 401], "value": [300, 400]}}}, {"episode": 79, "average_return": 37.5856191645915, "episode_scores": [103.30687755382583, 39.086163749715304, -29.63618380976665], "uncertainty": {"wind": {"enabled": false, "default": 0, "range": [1, 19], "value": 0}, "gravity": {"enabled": false, "default": -10, "range": [-15, -5], "value": -10}, "random_start_position": {"enabled": false, "default": [300, 400], "x_range": [0, 550], "y_range": [400, 401], "value": [300, 400]}}}, {"episode": 80, "average_return": -211.27176438385663, "episode_scores": [-126.48830430098985, -76.85500637793399, -430.47198247264606], "uncertainty": {"wind": {"enabled": false, "default": 0, "range": [1, 19], "value": 0}, "gravity": {"enabled": false, "default": -10, "range": [-15, -5], "value": -10}, "random_start_position": {"enabled": false, "default": [300, 400], "x_range": [0, 550], "y_range": [400, 401], "value": [300, 400]}}}, {"episode": 81, "average_return": -52.88684754011545, "episode_scores": [-60.882772858655635, -69.38251929156822, -28.39525047012251], "uncertainty": {"wind": {"enabled": false, "default": 0, "range": [1, 19], "value": 0}, "gravity": {"enabled": false, "default": -10, "range": [-15, -5], "value": -10}, "random_start_position": {"enabled": false, "default": [300, 400], "x_range": [0, 550], "y_range": [400, 401], "value": [300, 400]}}}, {"episode": 82, "average_return": -271.814501051452, "episode_scores": [-209.30596500566878, -407.93247124454774, -198.20506690413953], "uncertainty": {"wind": {"enabled": false, "default": 0, "range": [1, 19], "value": 0}, "gravity": {"enabled": false, "default": -10, "range": [-15, -5], "value": -10}, "random_start_position": {"enabled": false, "default": [300, 400], "x_range": [0, 550], "y_range": [400, 401], "value": [300, 400]}}}, {"episode": 83, "average_return": -321.7062455507584, "episode_scores": [-146.18067246407495, -365.5792041256536, -453.3588600625467], "uncertainty": {"wind": {"enabled": false, "default": 0, "range": [1, 19], "value": 0}, "gravity": {"enabled": false, "default": -10, "range": [-15, -5], "value": -10}, "random_start_position": {"enabled": false, "default": [300, 400], "x_range": [0, 550], "y_range": [400, 401], "value": [300, 400]}}}, {"episode": 84, "average_return": -260.99994013394434, "episode_scores": [-139.8829612451906, -212.45470563468712, -430.6621535219553], "uncertainty": {"wind": {"enabled": false, "default": 0, "range": [1, 19], "value": 0}, "gravity": {"enabled": false, "default": -10, "range": [-15, -5], "value": -10}, "random_start_position": {"enabled": false, "default": [300, 400], "x_range": [0, 550], "y_range": [400, 401], "value": [300, 400]}}}, {"episode": 85, "average_return": -380.5149893763556, "episode_scores": [-339.67487570972145, -329.5976794968046, -472.2724129225408], "uncertainty": {"wind": {"enabled": false, "default": 0, "range": [1, 19], "value": 0}, "gravity": {"enabled": false, "default": -10, "range": [-15, -5], "value": -10}, "random_start_position": {"enabled": false, "default": [300, 400], "x_range": [0, 550], "y_range": [400, 401], "value": [300, 400]}}}, {"episode": 86, "average_return": -374.76955506447786, "episode_scores": [-527.1003665583505, -298.0764538314204, -299.13184480366283], "uncertainty": {"wind": {"enabled": false, "default": 0, "range": [1, 19], "value": 0}, "gravity": {"enabled": false, "default": -10, "range": [-15, -5], "value": -10}, "random_start_position": {"enabled": false, "default": [300, 400], "x_range": [0, 550], "y_range": [400, 401], "value": [300, 400]}}}, {"episode": 87, "average_return": -290.83275343324675, "episode_scores": [-167.9423482253697, -354.6519207517672, -349.9039913226034], "uncertainty": {"wind": {"enabled": false, "default": 0, "range": [1, 19], "value": 0}, "gravity": {"enabled": false, "default": -10, "range": [-15, -5], "value": -10}, "random_start_position": {"enabled": false, "default": [300, 400], "x_range": [0, 550], "y_range": [400, 401], "value": [300, 400]}}}, {"episode": 88, "average_return": -162.59571091487987, "episode_scores": [-308.21160479211983, -102.01079315562683, -77.56473479689294], "uncertainty": {"wind": {"enabled": false, "default": 0, "range": [1, 19], "value": 0}, "gravity": {"enabled": false, "default": -10, "range": [-15, -5], "value": -10}, "random_start_position": {"enabled": false, "default": [300, 400], "x_range": [0, 550], "y_range": [400, 401], "value": [300, 400]}}}, {"episode": 89, "average_return": -447.02807557924854, "episode_scores": [-246.13950467258476, -486.1353539721874, -608.8093680929734], "uncertainty": {"wind": {"enabled": false, "default": 0, "range": [1, 19], "value": 0}, "gravity": {"enabled": false, "default": -10, "range": [-15, -5], "value": -10}, "random_start_position": {"enabled": false, "default": [300, 400], "x_range": [0, 550], "y_range": [400, 401], "value": [300, 400]}}}, {"episode": 90, "average_return": -329.1964513086971, "episode_scores": [-325.2549328734185, -442.6032513442293, -219.73116970844336], "uncertainty": {"wind": {"enabled": false, "default": 0, "range": [1, 19], "value": 0}, "gravity": {"enabled": false, "default": -10, "range": [-15, -5], "value": -10}, "random_start_position": {"enabled": false, "default": [300, 400], "x_range": [0, 550], "y_range": [400, 401], "value": [300, 400]}}}, {"episode": 91, "average_return": -573.7792752680394, "episode_scores": [-551.0027771058924, -585.7274871266656, -584.6075615715603], "uncertainty": {"wind": {"enabled": false, "default": 0, "range": [1, 19], "value": 0}, "gravity": {"enabled": false, "default": -10, "range": [-15, -5], "value": -10}, "random_start_position": {"enabled": false, "default": [300, 400], "x_range": [0, 550], "y_range": [400, 401], "value": [300, 400]}}}, {"episode": 92, "average_return": -310.43068593678817, "episode_scores": [-269.12520416579713, -342.2496008911485, -319.9172527534189], "uncertainty": {"wind": {"enabled": false, "default": 0, "range": [1, 19], "value": 0}, "gravity": {"enabled": false, "default": -10, "range": [-15, -5], "value": -10}, "random_start_position": {"enabled": false, "default": [300, 400], "x_range": [0, 550], "y_range": [400, 401], "value": [300, 400]}}}, {"episode": 93, "average_return": -326.9855777225199, "episode_scores": [-345.7944944735491, -268.439243733284, -366.7229949607266], "uncertainty": {"wind": {"enabled": false, "default": 0, "range": [1, 19], "value": 0}, "gravity": {"enabled": false, "default": -10, "range": [-15, -5], "value": -10}, "random_start_position": {"enabled": false, "default": [300, 400], "x_range": [0, 550], "y_range": [400, 401], "value": [300, 400]}}}, {"episode": 94, "average_return": -292.4643329796963, "episode_scores": [-286.0437929990801, -310.0968638709001, -281.25234206910864], "uncertainty": {"wind": {"enabled": false, "default": 0, "range": [1, 19], "value": 0}, "gravity": {"enabled": false, "default": -10, "range": [-15, -5], "value": -10}, "random_start_position": {"enabled": false, "default": [300, 400], "x_range": [0, 550], "y_range": [400, 401], "value": [300, 400]}}}, {"episode": 95, "average_return": -444.03159823654823, "episode_scores": [-454.55555514969615, -553.3363195137122, -324.2029200462365], "uncertainty": {"wind": {"enabled": false, "default": 0, "range": [1, 19], "value": 0}, "gravity": {"enabled": false, "default": -10, "range": [-15, -5], "value": -10}, "random_start_position": {"enabled": false, "default": [300, 400], "x_range": [0, 550], "y_range": [400, 401], "value": [300, 400]}}}, {"episode": 96, "average_return": -199.56249890441836, "episode_scores": [-209.2629923121165, -200.13075209575695, -189.29375230538164], "uncertainty": {"wind": {"enabled": false, "default": 0, "range": [1, 19], "value": 0}, "gravity": {"enabled": false, "default": -10, "range": [-15, -5], "value": -10}, "random_start_position": {"enabled": false, "default": [300, 400], "x_range": [0, 550], "y_range": [400, 401], "value": [300, 400]}}}, {"episode": 97, "average_return": -162.20991916104887, "episode_scores": [-245.01236243438703, -121.00011470815195, -120.6172803406077], "uncertainty": {"wind": {"enabled": false, "default": 0, "range": [1, 19], "value": 0}, "gravity": {"enabled": false, "default": -10, "range": [-15, -5], "value": -10}, "random_start_position": {"enabled": false, "default": [300, 400], "x_range": [0, 550], "y_range": [400, 401], "value": [300, 400]}}}, {"episode": 98, "average_return": -443.1372994432483, "episode_scores": [-406.54070192974325, -358.25616235871877, -564.6150340412828], "uncertainty": {"wind": {"enabled": false, "default": 0, "range": [1, 19], "value": 0}, "gravity": {"enabled": false, "default": -10, "range": [-15, -5], "value": -10}, "random_start_position": {"enabled": false, "default": [300, 400], "x_range": [0, 550], "y_range": [400, 401], "value": [300, 400]}}}, {"episode": 99, "average_return": -352.3653219978216, "episode_scores": [-393.1716938433024, -465.27643348911903, -198.64783866104335], "uncertainty": {"wind": {"enabled": false, "default": 0, "range": [1, 19], "value": 0}, "gravity": {"enabled": false, "default": -10, "range": [-15, -5], "value": -10}, "random_start_position": {"enabled": false, "default": [300, 400], "x_range": [0, 550], "y_range": [400, 401], "value": [300, 400]}}}, {"episode": 100, "average_return": -234.34829194619658, "episode_scores": [-428.3618774644983, -79.01787874600065, -195.6651196280908], "uncertainty": {"wind": {"enabled": false, "default": 0, "range": [1, 19], "value": 0}, "gravity": {"enabled": false, "default": -10, "range": [-15, -5], "value": -10}, "random_start_position": {"enabled": false, "default": [300, 400], "x_range": [0, 550], "y_range": [400, 401], "value": [300, 400]}}}, {"episode": 101, "average_return": -561.4998151897279, "episode_scores": [-577.5616809275468, -523.4063845830988, -583.5313800585379], "uncertainty": {"wind": {"enabled": false, "default": 0, "range": [1, 19], "value": 0}, "gravity": {"enabled": false, "default": -10, "range": [-15, -5], "value": -10}, "random_start_position": {"enabled": false, "default": [300, 400], "x_range": [0, 550], "y_range": [400, 401], "value": [300, 400]}}}, {"episode": 102, "average_return": -141.20433258363303, "episode_scores": [-153.69311072842342, -179.09859217354958, -90.82129484892606], "uncertainty": {"wind": {"enabled": false, "default": 0, "range": [1, 19], "value": 0}, "gravity": {"enabled": false, "default": -10, "range": [-15, -5], "value": -10}, "random_start_position": {"enabled": false, "default": [300, 400], "x_range": [0, 550], "y_range": [400, 401], "value": [300, 400]}}}, {"episode": 103, "average_return": -263.2268066220235, "episode_scores": [-325.7071979477128, -139.98075724561897, -323.9924646727387], "uncertainty": {"wind": {"enabled": false, "default": 0, "range": [1, 19], "value": 0}, "gravity": {"enabled": false, "default": -10, "range": [-15, -5], "value": -10}, "random_start_position": {"enabled": false, "default": [300, 400], "x_range": [0, 550], "y_range": [400, 401], "value": [300, 400]}}}, {"episode": 104, "average_return": -82.59067209838862, "episode_scores": [-81.00491374595364, -80.9398646713282, -85.82723787788404], "uncertainty": {"wind": {"enabled": false, "default": 0, "range": [1, 19], "value": 0}, "gravity": {"enabled": false, "default": -10, "range": [-15, -5], "value": -10}, "random_start_position": {"enabled": false, "default": [300, 400], "x_range": [0, 550], "y_range": [400, 401], "value": [300, 400]}}}, {"episode": 105, "average_return": -86.10387526791773, "episode_scores": [-251.30722686498922, 5.473513032064885, -12.477911970828895], "uncertainty": {"wind": {"enabled": false, "default": 0, "range": [1, 19], "value": 0}, "gravity": {"enabled": false, "default": -10, "range": [-15, -5], "value": -10}, "random_start_position": {"enabled": false, "default": [300, 400], "x_range": [0, 550], "y_range": [400, 401], "value": [300, 400]}}}, {"episode": 106, "average_return": -231.05638436887537, "episode_scores": [-323.4015731619239, -159.00008675154803, -210.76749319315425], "uncertainty": {"wind": {"enabled": false, "default": 0, "range": [1, 19], "value": 0}, "gravity": {"enabled": false, "default": -10, "range": [-15, -5], "value": -10}, "random_start_position": {"enabled": false, "default": [300, 400], "x_range": [0, 550], "y_range": [400, 401], "value": [300, 400]}}}, {"episode": 107, "average_return": -250.84213263496312, "episode_scores": [-230.14987163160697, -321.4482684706143, -200.92825780266796], "uncertainty": {"wind": {"enabled": false, "default": 0, "range": [1, 19], "value": 0}, "gravity": {"enabled": false, "default": -10, "range": [-15, -5], "value": -10}, "random_start_position": {"enabled": false, "default": [300, 400], "x_range": [0, 550], "y_range": [400, 401], "value": [300, 400]}}}, {"episode": 108, "average_return": -89.92399533462641, "episode_scores": [-112.47301395122463, -19.996104223812267, -137.30286782884235], "uncertainty": {"wind": {"enabled": false, "default": 0, "range": [1, 19], "value": 0}, "gravity": {"enabled": false, "default": -10, "range": [-15, -5], "value": -10}, "random_start_position": {"enabled": false, "default": [300, 400], "x_range": [0, 550], "y_range": [400, 401], "value": [300, 400]}}}, {"episode": 109, "average_return": 0.942039964473904, "episode_scores": [-92.82769062431932, 35.60597962577665, 60.04783089196438], "uncertainty": {"wind": {"enabled": false, "default": 0, "range": [1, 19], "value": 0}, "gravity": {"enabled": false, "default": -10, "range": [-15, -5], "value": -10}, "random_start_position": {"enabled": false, "default": [300, 400], "x_range": [0, 550], "y_range": [400, 401], "value": [300, 400]}}}, {"episode": 110, "average_return": -103.4679842217422, "episode_scores": [-110.06601583194917, -118.79835540741726, -81.53958142586013], "uncertainty": {"wind": {"enabled": false, "default": 0, "range": [1, 19], "value": 0}, "gravity": {"enabled": false, "default": -10, "range": [-15, -5], "value": -10}, "random_start_position": {"enabled": false, "default": [300, 400], "x_range": [0, 550], "y_range": [400, 401], "value": [300, 400]}}}, {"episode": 111, "average_return": -279.11780204497313, "episode_scores": [-379.7168596171343, -277.74710609687236, -179.88944042091276], "uncertainty": {"wind": {"enabled": false, "default": 0, "range": [1, 19], "value": 0}, "gravity": {"enabled": false, "default": -10, "range": [-15, -5], "value": -10}, "random_start_position": {"enabled": false, "default": [300, 400], "x_range": [0, 550], "y_range": [400, 401], "value": [300, 400]}}}, {"episode": 112, "average_return": -296.2522919608994, "episode_scores": [-257.79713814146237, -246.44652086725972, -384.51321687397615], "uncertainty": {"wind": {"enabled": false, "default": 0, "range": [1, 19], "value": 0}, "gravity": {"enabled": false, "default": -10, "range": [-15, -5], "value": -10}, "random_start_position": {"enabled": false, "default": [300, 400], "x_range": [0, 550], "y_range": [400, 401], "value": [300, 400]}}}, {"episode": 113, "average_return": -75.63029058137184, "episode_scores": [-117.1432639888952, -137.11061179515332, 27.363004039933003], "uncertainty": {"wind": {"enabled": false, "default": 0, "range": [1, 19], "value": 0}, "gravity": {"enabled": false, "default": -10, "range": [-15, -5], "value": -10}, "random_start_position": {"enabled": false, "default": [300, 400], "x_range": [0, 550], "y_range": [400, 401], "value": [300, 400]}}}, {"episode": 114, "average_return": -169.95601064741896, "episode_scores": [-162.94643262820472, -196.53810678223883, -150.38349253181337], "uncertainty": {"wind": {"enabled": false, "default": 0, "range": [1, 19], "value": 0}, "gravity": {"enabled": false, "default": -10, "range": [-15, -5], "value": -10}, "random_start_position": {"enabled": false, "default": [300, 400], "x_range": [0, 550], "y_range": [400, 401], "value": [300, 400]}}}, {"episode": 115, "average_return": -184.84947580987102, "episode_scores": [-218.9868653458397, -165.9941307270587, -169.56743135671468], "uncertainty": {"wind": {"enabled": false, "default": 0, "range": [1, 19], "value": 0}, "gravity": {"enabled": false, "default": -10, "range": [-15, -5], "value": -10}, "random_start_position": {"enabled": false, "default": [300, 400], "x_range": [0, 550], "y_range": [400, 401], "value": [300, 400]}}}, {"episode": 116, "average_return": -178.0505174999612, "episode_scores": [-192.490015813743, -56.71182527216604, -284.94971141397446], "uncertainty": {"wind": {"enabled": false, "default": 0, "range": [1, 19], "value": 0}, "gravity": {"enabled": false, "default": -10, "range": [-15, -5], "value": -10}, "random_start_position": {"enabled": false, "default": [300, 400], "x_range": [0, 550], "y_range": [400, 401], "value": [300, 400]}}}, {"episode": 117, "average_return": -248.61536866347433, "episode_scores": [-292.5454061165968, -243.2370409289133, -210.06365894491302], "uncertainty": {"wind": {"enabled": false, "default": 0, "range": [1, 19], "value": 0}, "gravity": {"enabled": false, "default": -10, "range": [-15, -5], "value": -10}, "random_start_position": {"enabled": false, "default": [300, 400], "x_range": [0, 550], "y_range": [400, 401], "value": [300, 400]}}}, {"episode": 118, "average_return": -132.31379575243153, "episode_scores": [-60.49188916070481, 1.970604059794681, -338.4201021563845], "uncertainty": {"wind": {"enabled": false, "default": 0, "range": [1, 19], "value": 0}, "gravity": {"enabled": false, "default": -10, "range": [-15, -5], "value": -10}, "random_start_position": {"enabled": false, "default": [300, 400], "x_range": [0, 550], "y_range": [400, 401], "value": [300, 400]}}}, {"episode": 119, "average_return": -94.84761317748956, "episode_scores": [-286.5110555489779, 29.644906356059607, -27.676690339550433], "uncertainty": {"wind": {"enabled": false, "default": 0, "range": [1, 19], "value": 0}, "gravity": {"enabled": false, "default": -10, "range": [-15, -5], "value": -10}, "random_start_position": {"enabled": false, "default": [300, 400], "x_range": [0, 550], "y_range": [400, 401], "value": [300, 400]}}}, {"episode": 120, "average_return": -119.02085613698836, "episode_scores": [-141.72200486477436, -52.75201788506802, -162.58854566112268], "uncertainty": {"wind": {"enabled": false, "default": 0, "range": [1, 19], "value": 0}, "gravity": {"enabled": false, "default": -10, "range": [-15, -5], "value": -10}, "random_start_position": {"enabled": false, "default": [300, 400], "x_range": [0, 550], "y_range": [400, 401], "value": [300, 400]}}}, {"episode": 121, "average_return": -88.31245771432903, "episode_scores": [-140.01667952199134, -41.349217094289926, -83.57147652670585], "uncertainty": {"wind": {"enabled": false, "default": 0, "range": [1, 19], "value": 0}, "gravity": {"enabled": false, "default": -10, "range": [-15, -5], "value": -10}, "random_start_position": {"enabled": false, "default": [300, 400], "x_range": [0, 550], "y_range": [400, 401], "value": [300, 400]}}}, {"episode": 122, "average_return": -128.60708343627292, "episode_scores": [-37.47541991335166, -146.00529067421618, -202.3405397212509], "uncertainty": {"wind": {"enabled": false, "default": 0, "range": [1, 19], "value": 0}, "gravity": {"enabled": false, "default": -10, "range": [-15, -5], "value": -10}, "random_start_position": {"enabled": false, "default": [300, 400], "x_range": [0, 550], "y_range": [400, 401], "value": [300, 400]}}}, {"episode": 123, "average_return": -710.7261011332381, "episode_scores": [-382.7819101108142, -1126.6760957972529, -622.7202974916474], "uncertainty": {"wind": {"enabled": false, "default": 0, "range": [1, 19], "value": 0}, "gravity": {"enabled": false, "default": -10, "range": [-15, -5], "value": -10}, "random_start_position": {"enabled": false, "default": [300, 400], "x_range": [0, 550], "y_range": [400, 401], "value": [300, 400]}}}, {"episode": 124, "average_return": -48.427094962837394, "episode_scores": [-147.2854503801762, 38.199994040533284, -36.19582854886927], "uncertainty": {"wind": {"enabled": false, "default": 0, "range": [1, 19], "value": 0}, "gravity": {"enabled": false, "default": -10, "range": [-15, -5], "value": -10}, "random_start_position": {"enabled": false, "default": [300, 400], "x_range": [0, 550], "y_range": [400, 401], "value": [300, 400]}}}, {"episode": 125, "average_return": -157.27981472304242, "episode_scores": [-88.18231296542533, -155.42460952199013, -228.2325216817118], "uncertainty": {"wind": {"enabled": false, "default": 0, "range": [1, 19], "value": 0}, "gravity": {"enabled": false, "default": -10, "range": [-15, -5], "value": -10}, "random_start_position": {"enabled": false, "default": [300, 400], "x_range": [0, 550], "y_range": [400, 401], "value": [300, 400]}}}, {"episode": 126, "average_return": -34.014901092884706, "episode_scores": [3.2392353780583534, 43.96206452352442, -149.2460031802369], "uncertainty": {"wind": {"enabled": false, "default": 0, "range": [1, 19], "value": 0}, "gravity": {"enabled": false, "default": -10, "range": [-15, -5], "value": -10}, "random_start_position": {"enabled": false, "default": [300, 400], "x_range": [0, 550], "y_range": [400, 401], "value": [300, 400]}}}, {"episode": 127, "average_return": -155.4756850343089, "episode_scores": [-385.8511869853689, -12.719500840080325, -67.85636727747752], "uncertainty": {"wind": {"enabled": false, "default": 0, "range": [1, 19], "value": 0}, "gravity": {"enabled": false, "default": -10, "range": [-15, -5], "value": -10}, "random_start_position": {"enabled": false, "default": [300, 400], "x_range": [0, 550], "y_range": [400, 401], "value": [300, 400]}}}, {"episode": 128, "average_return": -72.76034455363481, "episode_scores": [-64.97322830671737, -27.105434953604508, -126.20237040058252], "uncertainty": {"wind": {"enabled": false, "default": 0, "range": [1, 19], "value": 0}, "gravity": {"enabled": false, "default": -10, "range": [-15, -5], "value": -10}, "random_start_position": {"enabled": false, "default": [300, 400], "x_range": [0, 550], "y_range": [400, 401], "value": [300, 400]}}}, {"episode": 129, "average_return": -776.4879057031816, "episode_scores": [-573.7014145470218, -640.1728487646524, -1115.5894537978706], "uncertainty": {"wind": {"enabled": false, "default": 0, "range": [1, 19], "value": 0}, "gravity": {"enabled": false, "default": -10, "range": [-15, -5], "value": -10}, "random_start_position": {"enabled": false, "default": [300, 400], "x_range": [0, 550], "y_range": [400, 401], "value": [300, 400]}}}, {"episode": 130, "average_return": -57.71841936601677, "episode_scores": [84.2034049375688, -294.4262451397012, 37.06758210408213], "uncertainty": {"wind": {"enabled": false, "default": 0, "range": [1, 19], "value": 0}, "gravity": {"enabled": false, "default": -10, "range": [-15, -5], "value": -10}, "random_start_position": {"enabled": false, "default": [300, 400], "x_range": [0, 550], "y_range": [400, 401], "value": [300, 400]}}}, {"episode": 131, "average_return": -308.9115057586412, "episode_scores": [-330.62097137532254, -467.27054597733843, -128.84299992326282], "uncertainty": {"wind": {"enabled": false, "default": 0, "range": [1, 19], "value": 0}, "gravity": {"enabled": false, "default": -10, "range": [-15, -5], "value": -10}, "random_start_position": {"enabled": false, "default": [300, 400], "x_range": [0, 550], "y_range": [400, 401], "value": [300, 400]}}}, {"episode": 132, "average_return": 6.846617392435003, "episode_scores": [73.52838203965621, -167.86575512550644, 114.87722526315524], "uncertainty": {"wind": {"enabled": false, "default": 0, "range": [1, 19], "value": 0}, "gravity": {"enabled": false, "default": -10, "range": [-15, -5], "value": -10}, "random_start_position": {"enabled": false, "default": [300, 400], "x_range": [0, 550], "y_range": [400, 401], "value": [300, 400]}}}, {"episode": 133, "average_return": -240.1322460990383, "episode_scores": [-307.2038332460518, -174.66549850866136, -238.5274065424018], "uncertainty": {"wind": {"enabled": false, "default": 0, "range": [1, 19], "value": 0}, "gravity": {"enabled": false, "default": -10, "range": [-15, -5], "value": -10}, "random_start_position": {"enabled": false, "default": [300, 400], "x_range": [0, 550], "y_range": [400, 401], "value": [300, 400]}}}, {"episode": 134, "average_return": -71.2706491520453, "episode_scores": [50.56334203194824, 10.994212840783467, -275.3695023288676], "uncertainty": {"wind": {"enabled": false, "default": 0, "range": [1, 19], "value": 0}, "gravity": {"enabled": false, "default": -10, "range": [-15, -5], "value": -10}, "random_start_position": {"enabled": false, "default": [300, 400], "x_range": [0, 550], "y_range": [400, 401], "value": [300, 400]}}}, {"episode": 135, "average_return": -508.14703946385225, "episode_scores": [-324.2239661355841, -246.28242134992345, -953.9347309060494], "uncertainty": {"wind": {"enabled": false, "default": 0, "range": [1, 19], "value": 0}, "gravity": {"enabled": false, "default": -10, "range": [-15, -5], "value": -10}, "random_start_position": {"enabled": false, "default": [300, 400], "x_range": [0, 550], "y_range": [400, 401], "value": [300, 400]}}}, {"episode": 136, "average_return": -137.69670045283473, "episode_scores": [17.751324097302053, -370.87840911373075, -59.96301634207554], "uncertainty": {"wind": {"enabled": false, "default": 0, "range": [1, 19], "value": 0}, "gravity": {"enabled": false, "default": -10, "range": [-15, -5], "value": -10}, "random_start_position": {"enabled": false, "default": [300, 400], "x_range": [0, 550], "y_range": [400, 401], "value": [300, 400]}}}, {"episode": 137, "average_return": -167.74313893585705, "episode_scores": [-223.94796786963565, -169.9878431194002, -109.29360581853531], "uncertainty": {"wind": {"enabled": false, "default": 0, "range": [1, 19], "value": 0}, "gravity": {"enabled": false, "default": -10, "range": [-15, -5], "value": -10}, "random_start_position": {"enabled": false, "default": [300, 400], "x_range": [0, 550], "y_range": [400, 401], "value": [300, 400]}}}, {"episode": 138, "average_return": -184.16997447239933, "episode_scores": [-331.5888015229389, -30.985071126862405, -189.93605076739675], "uncertainty": {"wind": {"enabled": false, "default": 0, "range": [1, 19], "value": 0}, "gravity": {"enabled": false, "default": -10, "range": [-15, -5], "value": -10}, "random_start_position": {"enabled": false, "default": [300, 400], "x_range": [0, 550], "y_range": [400, 401], "value": [300, 400]}}}, {"episode": 139, "average_return": -532.8164500626483, "episode_scores": [-371.05411261512836, -327.5672029933226, -899.828034579494], "uncertainty": {"wind": {"enabled": false, "default": 0, "range": [1, 19], "value": 0}, "gravity": {"enabled": false, "default": -10, "range": [-15, -5], "value": -10}, "random_start_position": {"enabled": false, "default": [300, 400], "x_range": [0, 550], "y_range": [400, 401], "value": [300, 400]}}}, {"episode": 140, "average_return": -494.0988457050292, "episode_scores": [-274.8758085864605, -980.4879037599837, -226.93282476864346], "uncertainty": {"wind": {"enabled": false, "default": 0, "range": [1, 19], "value": 0}, "gravity": {"enabled": false, "default": -10, "range": [-15, -5], "value": -10}, "random_start_position": {"enabled": false, "default": [300, 400], "x_range": [0, 550], "y_range": [400, 401], "value": [300, 400]}}}, {"episode": 141, "average_return": -239.74656760289486, "episode_scores": [-220.12534778559217, -352.71094759307414, -146.40340743001826], "uncertainty": {"wind": {"enabled": false, "default": 0, "range": [1, 19], "value": 0}, "gravity": {"enabled": false, "default": -10, "range": [-15, -5], "value": -10}, "random_start_position": {"enabled": false, "default": [300, 400], "x_range": [0, 550], "y_range": [400, 401], "value": [300, 400]}}}], "config": {"general": {"model_type": "multi", "save_results": true, "render_training": false, "render_evaluation": false, "verbose": true}, "uncertainty": {"wind": {"enabled": false, "default": 0, "range": [1, 19], "value": "None"}, "gravity": {"enabled": false, "default": -10, "range": [-15, -5], "value": "None"}, "random_start_position": {"enabled": false, "default": [300, 400], "x_range": [0, 550], "y_range": [400, 401], "value": "None"}}, "network": {"layers": [{"nodes": 64, "activation": "relu"}, {"nodes": 64, "activation": "relu"}, {"nodes": 4, "activation": "linear"}], "loss_function": "mse", "optimizer": "adam", "learning_rate": 0.001}, "training": {"batch_size": 64, "epsilon": {"min": 0.01, "max": 0.2, "change": 1}}, "number_of_episodes": 1000, "max_steps": 300, "number_of_actions": 4, "gamma": 0.99, "save_location": "../models/", "memory": {"size": 1000000}, "evaluation_episodes": 1, "best_score": -200, "robust_test_threshold": -200, "input_dimensions": 35}}