{"note": "Multi (256) - None", "results": [{"episode": 0, "average_return": -627.6988675683223, "episode_scores": [-625.4416815563862, -567.2799864472584, -690.3749347013223], "uncertainty": {"wind": {"enabled": false, "default": 0, "range": [1, 19], "value": 0}, "gravity": {"enabled": false, "default": -10, "range": [-15, -5], "value": -10}, "random_start_position": {"enabled": false, "default": [300, 400], "x_range": [0, 550], "y_range": [400, 401], "value": [300, 400]}}}, {"episode": 1, "average_return": -361.3417673911027, "episode_scores": [-351.0229099199168, -377.9786012983481, -355.0237909550432], "uncertainty": {"wind": {"enabled": false, "default": 0, "range": [1, 19], "value": 0}, "gravity": {"enabled": false, "default": -10, "range": [-15, -5], "value": -10}, "random_start_position": {"enabled": false, "default": [300, 400], "x_range": [0, 550], "y_range": [400, 401], "value": [300, 400]}}}, {"episode": 2, "average_return": -988.3484069830728, "episode_scores": [-1823.0831377750167, -649.1469213569347, -492.815161817267], "uncertainty": {"wind": {"enabled": false, "default": 0, "range": [1, 19], "value": 0}, "gravity": {"enabled": false, "default": -10, "range": [-15, -5], "value": -10}, "random_start_position": {"enabled": false, "default": [300, 400], "x_range": [0, 550], "y_range": [400, 401], "value": [300, 400]}}}, {"episode": 3, "average_return": -159.42567865395057, "episode_scores": [-289.35253955963327, 3.4543330752954517, -192.37882947751388], "uncertainty": {"wind": {"enabled": false, "default": 0, "range": [1, 19], "value": 0}, "gravity": {"enabled": false, "default": -10, "range": [-15, -5], "value": -10}, "random_start_position": {"enabled": false, "default": [300, 400], "x_range": [0, 550], "y_range": [400, 401], "value": [300, 400]}}}, {"episode": 4, "average_return": -183.1244328255284, "episode_scores": [3.5572114155453676, -193.0644788589967, -359.86603103313394], "uncertainty": {"wind": {"enabled": false, "default": 0, "range": [1, 19], "value": 0}, "gravity": {"enabled": false, "default": -10, "range": [-15, -5], "value": -10}, "random_start_position": {"enabled": false, "default": [300, 400], "x_range": [0, 550], "y_range": [400, 401], "value": [300, 400]}}}, {"episode": 5, "average_return": -147.4315444103386, "episode_scores": [-36.110732864467934, -198.81058443673146, -207.37331592981647], "uncertainty": {"wind": {"enabled": false, "default": 0, "range": [1, 19], "value": 0}, "gravity": {"enabled": false, "default": -10, "range": [-15, -5], "value": -10}, "random_start_position": {"enabled": false, "default": [300, 400], "x_range": [0, 550], "y_range": [400, 401], "value": [300, 400]}}}, {"episode": 6, "average_return": -78.22120669350191, "episode_scores": [-90.7816557668652, -125.55314547788035, -18.328818835760188], "uncertainty": {"wind": {"enabled": false, "default": 0, "range": [1, 19], "value": 0}, "gravity": {"enabled": false, "default": -10, "range": [-15, -5], "value": -10}, "random_start_position": {"enabled": false, "default": [300, 400], "x_range": [0, 550], "y_range": [400, 401], "value": [300, 400]}}}, {"episode": 7, "average_return": -116.4843663187545, "episode_scores": [-91.67800569688677, -114.2570204876985, -143.5180727716782], "uncertainty": {"wind": {"enabled": false, "default": 0, "range": [1, 19], "value": 0}, "gravity": {"enabled": false, "default": -10, "range": [-15, -5], "value": -10}, "random_start_position": {"enabled": false, "default": [300, 400], "x_range": [0, 550], "y_range": [400, 401], "value": [300, 400]}}}, {"episode": 8, "average_return": -582.2463688112244, "episode_scores": [-1176.872528997043, -125.47904366848218, -444.38753376814844], "uncertainty": {"wind": {"enabled": false, "default": 0, "range": [1, 19], "value": 0}, "gravity": {"enabled": false, "default": -10, "range": [-15, -5], "value": -10}, "random_start_position": {"enabled": false, "default": [300, 400], "x_range": [0, 550], "y_range": [400, 401], "value": [300, 400]}}}, {"episode": 9, "average_return": -530.4485225421827, "episode_scores": [-297.8969022585876, -682.4228082008517, -611.0258571671086], "uncertainty": {"wind": {"enabled": false, "default": 0, "range": [1, 19], "value": 0}, "gravity": {"enabled": false, "default": -10, "range": [-15, -5], "value": -10}, "random_start_position": {"enabled": false, "default": [300, 400], "x_range": [0, 550], "y_range": [400, 401], "value": [300, 400]}}}, {"episode": 10, "average_return": -241.69493004344713, "episode_scores": [-242.66069981675486, -211.66437868296862, -270.75971163061797], "uncertainty": {"wind": {"enabled": false, "default": 0, "range": [1, 19], "value": 0}, "gravity": {"enabled": false, "default": -10, "range": [-15, -5], "value": -10}, "random_start_position": {"enabled": false, "default": [300, 400], "x_range": [0, 550], "y_range": [400, 401], "value": [300, 400]}}}, {"episode": 11, "average_return": -74.7379123341761, "episode_scores": [-187.01517001589173, -64.24532612510922, 27.046759138472652], "uncertainty": {"wind": {"enabled": false, "default": 0, "range": [1, 19], "value": 0}, "gravity": {"enabled": false, "default": -10, "range": [-15, -5], "value": -10}, "random_start_position": {"enabled": false, "default": [300, 400], "x_range": [0, 550], "y_range": [400, 401], "value": [300, 400]}}}, {"episode": 12, "average_return": -297.3152040780167, "episode_scores": [-310.47685524461497, -361.27393848370065, -220.1948185057345], "uncertainty": {"wind": {"enabled": false, "default": 0, "range": [1, 19], "value": 0}, "gravity": {"enabled": false, "default": -10, "range": [-15, -5], "value": -10}, "random_start_position": {"enabled": false, "default": [300, 400], "x_range": [0, 550], "y_range": [400, 401], "value": [300, 400]}}}, {"episode": 13, "average_return": -4.998282178667869, "episode_scores": [-24.074882169305226, 3.4104259890926727, 5.669609644208947], "uncertainty": {"wind": {"enabled": false, "default": 0, "range": [1, 19], "value": 0}, "gravity": {"enabled": false, "default": -10, "range": [-15, -5], "value": -10}, "random_start_position": {"enabled": false, "default": [300, 400], "x_range": [0, 550], "y_range": [400, 401], "value": [300, 400]}}}, {"episode": 14, "average_return": 12.38508770091327, "episode_scores": [-185.67248037246304, 174.5695081034168, 48.25823537178604], "uncertainty": {"wind": {"enabled": false, "default": 0, "range": [1, 19], "value": 0}, "gravity": {"enabled": false, "default": -10, "range": [-15, -5], "value": -10}, "random_start_position": {"enabled": false, "default": [300, 400], "x_range": [0, 550], "y_range": [400, 401], "value": [300, 400]}}}, {"episode": 15, "average_return": -146.05049534363306, "episode_scores": [-291.0729660357922, 9.60980153564229, -156.68832153074928], "uncertainty": {"wind": {"enabled": false, "default": 0, "range": [1, 19], "value": 0}, "gravity": {"enabled": false, "default": -10, "range": [-15, -5], "value": -10}, "random_start_position": {"enabled": false, "default": [300, 400], "x_range": [0, 550], "y_range": [400, 401], "value": [300, 400]}}}, {"episode": 16, "average_return": -427.0193260508795, "episode_scores": [-359.34180826667114, -288.81909987701397, -632.8970700089535], "uncertainty": {"wind": {"enabled": false, "default": 0, "range": [1, 19], "value": 0}, "gravity": {"enabled": false, "default": -10, "range": [-15, -5], "value": -10}, "random_start_position": {"enabled": false, "default": [300, 400], "x_range": [0, 550], "y_range": [400, 401], "value": [300, 400]}}}, {"episode": 17, "average_return": -224.5979229735872, "episode_scores": [-318.3307304955748, -102.92799357863903, -252.53504484654783], "uncertainty": {"wind": {"enabled": false, "default": 0, "range": [1, 19], "value": 0}, "gravity": {"enabled": false, "default": -10, "range": [-15, -5], "value": -10}, "random_start_position": {"enabled": false, "default": [300, 400], "x_range": [0, 550], "y_range": [400, 401], "value": [300, 400]}}}, {"episode": 18, "average_return": -125.57274593287484, "episode_scores": [-28.72525444379204, -187.46186370875614, -160.53111964607635], "uncertainty": {"wind": {"enabled": false, "default": 0, "range": [1, 19], "value": 0}, "gravity": {"enabled": false, "default": -10, "range": [-15, -5], "value": -10}, "random_start_position": {"enabled": false, "default": [300, 400], "x_range": [0, 550], "y_range": [400, 401], "value": [300, 400]}}}, {"episode": 19, "average_return": -162.2763774800658, "episode_scores": [-320.6382393497703, -23.817729665423357, -142.37316342500372], "uncertainty": {"wind": {"enabled": false, "default": 0, "range": [1, 19], "value": 0}, "gravity": {"enabled": false, "default": -10, "range": [-15, -5], "value": -10}, "random_start_position": {"enabled": false, "default": [300, 400], "x_range": [0, 550], "y_range": [400, 401], "value": [300, 400]}}}, {"episode": 20, "average_return": -687.7365841809825, "episode_scores": [-873.2363120098839, -485.3705998595368, -704.6028406735269], "uncertainty": {"wind": {"enabled": false, "default": 0, "range": [1, 19], "value": 0}, "gravity": {"enabled": false, "default": -10, "range": [-15, -5], "value": -10}, "random_start_position": {"enabled": false, "default": [300, 400], "x_range": [0, 550], "y_range": [400, 401], "value": [300, 400]}}}, {"episode": 21, "average_return": -717.1974050494423, "episode_scores": [-677.1585311843426, -668.1247321388648, -806.3089518251194], "uncertainty": {"wind": {"enabled": false, "default": 0, "range": [1, 19], "value": 0}, "gravity": {"enabled": false, "default": -10, "range": [-15, -5], "value": -10}, "random_start_position": {"enabled": false, "default": [300, 400], "x_range": [0, 550], "y_range": [400, 401], "value": [300, 400]}}}, {"episode": 22, "average_return": -219.27980913630645, "episode_scores": [-224.17225317408787, -211.17068861687602, -222.49648561795544], "uncertainty": {"wind": {"enabled": false, "default": 0, "range": [1, 19], "value": 0}, "gravity": {"enabled": false, "default": -10, "range": [-15, -5], "value": -10}, "random_start_position": {"enabled": false, "default": [300, 400], "x_range": [0, 550], "y_range": [400, 401], "value": [300, 400]}}}, {"episode": 23, "average_return": -137.52744233992755, "episode_scores": [-100.97486567683598, -181.5732129708166, -130.03424837213004], "uncertainty": {"wind": {"enabled": false, "default": 0, "range": [1, 19], "value": 0}, "gravity": {"enabled": false, "default": -10, "range": [-15, -5], "value": -10}, "random_start_position": {"enabled": false, "default": [300, 400], "x_range": [0, 550], "y_range": [400, 401], "value": [300, 400]}}}, {"episode": 24, "average_return": -424.4868218159855, "episode_scores": [-426.91655469194745, -562.1254005826262, -284.41851017338286], "uncertainty": {"wind": {"enabled": false, "default": 0, "range": [1, 19], "value": 0}, "gravity": {"enabled": false, "default": -10, "range": [-15, -5], "value": -10}, "random_start_position": {"enabled": false, "default": [300, 400], "x_range": [0, 550], "y_range": [400, 401], "value": [300, 400]}}}, {"episode": 25, "average_return": -44.257286394789844, "episode_scores": [-103.70513202380943, 23.99721664024831, -53.063943800808424], "uncertainty": {"wind": {"enabled": false, "default": 0, "range": [1, 19], "value": 0}, "gravity": {"enabled": false, "default": -10, "range": [-15, -5], "value": -10}, "random_start_position": {"enabled": false, "default": [300, 400], "x_range": [0, 550], "y_range": [400, 401], "value": [300, 400]}}}, {"episode": 26, "average_return": -185.82539583958928, "episode_scores": [-234.05906053282794, -175.1783447699818, -148.23878221595805], "uncertainty": {"wind": {"enabled": false, "default": 0, "range": [1, 19], "value": 0}, "gravity": {"enabled": false, "default": -10, "range": [-15, -5], "value": -10}, "random_start_position": {"enabled": false, "default": [300, 400], "x_range": [0, 550], "y_range": [400, 401], "value": [300, 400]}}}, {"episode": 27, "average_return": -17.757979585801024, "episode_scores": [-44.6880253944718, 43.787403747985536, -52.37331711091681], "uncertainty": {"wind": {"enabled": false, "default": 0, "range": [1, 19], "value": 0}, "gravity": {"enabled": false, "default": -10, "range": [-15, -5], "value": -10}, "random_start_position": {"enabled": false, "default": [300, 400], "x_range": [0, 550], "y_range": [400, 401], "value": [300, 400]}}}, {"episode": 28, "average_return": -41.16073901834457, "episode_scores": [-53.84467697885541, -48.413277774884165, -21.224262301294143], "uncertainty": {"wind": {"enabled": false, "default": 0, "range": [1, 19], "value": 0}, "gravity": {"enabled": false, "default": -10, "range": [-15, -5], "value": -10}, "random_start_position": {"enabled": false, "default": [300, 400], "x_range": [0, 550], "y_range": [400, 401], "value": [300, 400]}}}, {"episode": 29, "average_return": 97.14121808846276, "episode_scores": [105.55593762217867, 52.109210062389536, 133.75850658082007], "uncertainty": {"wind": {"enabled": false, "default": 0, "range": [1, 19], "value": 0}, "gravity": {"enabled": false, "default": -10, "range": [-15, -5], "value": -10}, "random_start_position": {"enabled": false, "default": [300, 400], "x_range": [0, 550], "y_range": [400, 401], "value": [300, 400]}}}, {"episode": 30, "average_return": -17.525410915931378, "episode_scores": [25.091126287419105, -113.34836047867653, 35.68100144346329], "uncertainty": {"wind": {"enabled": false, "default": 0, "range": [1, 19], "value": 0}, "gravity": {"enabled": false, "default": -10, "range": [-15, -5], "value": -10}, "random_start_position": {"enabled": false, "default": [300, 400], "x_range": [0, 550], "y_range": [400, 401], "value": [300, 400]}}}, {"episode": 31, "average_return": 7.30839705497893, "episode_scores": [149.1575978892444, -16.143579103258805, -111.08882762104881], "uncertainty": {"wind": {"enabled": false, "default": 0, "range": [1, 19], "value": 0}, "gravity": {"enabled": false, "default": -10, "range": [-15, -5], "value": -10}, "random_start_position": {"enabled": false, "default": [300, 400], "x_range": [0, 550], "y_range": [400, 401], "value": [300, 400]}}}, {"episode": 32, "average_return": 34.48625406231551, "episode_scores": [47.52675526304485, 21.637191218608013, 34.29481570529367], "uncertainty": {"wind": {"enabled": false, "default": 0, "range": [1, 19], "value": 0}, "gravity": {"enabled": false, "default": -10, "range": [-15, -5], "value": -10}, "random_start_position": {"enabled": false, "default": [300, 400], "x_range": [0, 550], "y_range": [400, 401], "value": [300, 400]}}}, {"episode": 33, "average_return": 44.78018776628642, "episode_scores": [16.945145932132014, 71.44773620238756, 45.94768116433969], "uncertainty": {"wind": {"enabled": false, "default": 0, "range": [1, 19], "value": 0}, "gravity": {"enabled": false, "default": -10, "range": [-15, -5], "value": -10}, "random_start_position": {"enabled": false, "default": [300, 400], "x_range": [0, 550], "y_range": [400, 401], "value": [300, 400]}}}, {"episode": 34, "average_return": -67.15358485956712, "episode_scores": [15.104927065182958, 50.68855212316234, -267.2542337670467], "uncertainty": {"wind": {"enabled": false, "default": 0, "range": [1, 19], "value": 0}, "gravity": {"enabled": false, "default": -10, "range": [-15, -5], "value": -10}, "random_start_position": {"enabled": false, "default": [300, 400], "x_range": [0, 550], "y_range": [400, 401], "value": [300, 400]}}}], "config": {"general": {"model_type": "multi", "save_results": true, "render_training": false, "render_evaluation": false, "verbose": false}, "uncertainty": {"wind": {"enabled": false, "default": 0, "range": [1, 19], "value": "None"}, "gravity": {"enabled": false, "default": -10, "range": [-15, -5], "value": "None"}, "random_start_position": {"enabled": false, "default": [300, 400], "x_range": [0, 550], "y_range": [400, 401], "value": "None"}}, "network": {"layers": [{"nodes": 64, "activation": "relu"}, {"nodes": 64, "activation": "relu"}, {"nodes": 4, "activation": "linear"}], "loss_function": "mse", "optimizer": "adam", "learning_rate": 0.001}, "training": {"batch_size": 64, "epsilon": {"min": 0.01, "max": 0.2, "change": 1}}, "number_of_episodes": 1000, "max_steps": 500, "number_of_actions": 4, "gamma": 0.99, "save_location": "../models/", "memory": {"size": 1000000}, "evaluation_episodes": 1, "best_score": -200, "robust_test_threshold": -200, "input_dimensions": 44}}