{"note": "Multi - None", "results": [{"episode": 0, "average_return": -248.7473366107844, "episode_scores": [24.331748167227005, -255.4578121165935, -515.1159458829868], "uncertainty": {"wind": {"enabled": true, "default": 0, "range": [1, 19], "value": 15}, "gravity": {"enabled": true, "default": -10, "range": [-15, -5], "value": -10}, "random_start_position": {"enabled": true, "default": [300, 400], "x_range": [0, 550], "y_range": [400, 401], "value": [0, 400]}}}, {"episode": 1, "average_return": -307.6366678351165, "episode_scores": [-100.0, -607.7479460013815, -215.16205750396801], "uncertainty": {"wind": {"enabled": true, "default": 0, "range": [1, 19], "value": 5}, "gravity": {"enabled": true, "default": -10, "range": [-15, -5], "value": -7}, "random_start_position": {"enabled": true, "default": [300, 400], "x_range": [0, 550], "y_range": [400, 401], "value": [551, 400]}}}, {"episode": 2, "average_return": -374.1897337127328, "episode_scores": [-115.9813149855647, -425.56943340430286, -581.0184527483309], "uncertainty": {"wind": {"enabled": true, "default": 0, "range": [1, 19], "value": 10}, "gravity": {"enabled": true, "default": -10, "range": [-15, -5], "value": -7}, "random_start_position": {"enabled": true, "default": [300, 400], "x_range": [0, 550], "y_range": [400, 401], "value": [275, 400]}}}], "config": {"general": {"model_type": "multi", "save_results": true, "render_training": false, "render_evaluation": false, "verbose": true}, "uncertainty": {"wind": {"enabled": true, "default": 0, "range": [1, 19], "value": "None"}, "gravity": {"enabled": true, "default": -10, "range": [-15, -5], "value": "None"}, "random_start_position": {"enabled": true, "default": [300, 400], "x_range": [0, 550], "y_range": [400, 401], "value": "None"}}, "network": {"layers": [{"nodes": 128, "activation": "relu"}, {"nodes": 128, "activation": "relu"}, {"nodes": 128, "activation": "relu"}, {"nodes": 4, "activation": "linear"}], "loss_function": "mse", "optimizer": "adam", "learning_rate": 0.001}, "training": {"batch_size": 64, "epsilon": {"min": 0.01, "max": 0.2, "change": 1}}, "number_of_episodes": 1000, "max_steps": 500, "number_of_actions": 4, "gamma": 0.99, "save_location": "../models/", "memory": {"size": 1000000}, "evaluation_episodes": 1, "best_score": 200, "robust_test_threshold": 200, "input_dimensions": 44}}