{"note": "Multi (256) - None", "results": [{"episode": 0, "average_return": -575.2646916508587, "episode_scores": [-661.1188747690927, -537.6791974845917, -526.9960026988915], "uncertainty": {"wind": {"enabled": false, "default": 0, "range": [1, 19], "value": 0}, "gravity": {"enabled": false, "default": -10, "range": [-15, -5], "value": -10}, "random_start_position": {"enabled": false, "default": [300, 400], "x_range": [0, 550], "y_range": [400, 401], "value": [300, 400]}}}], "config": {"general": {"model_type": "multi", "save_results": true, "render_training": false, "render_evaluation": false, "verbose": true}, "uncertainty": {"wind": {"enabled": false, "default": 0, "range": [1, 19], "value": "None"}, "gravity": {"enabled": false, "default": -10, "range": [-15, -5], "value": "None"}, "random_start_position": {"enabled": false, "default": [300, 400], "x_range": [0, 550], "y_range": [400, 401], "value": "None"}}, "network": {"layers": [{"nodes": 64, "activation": "relu"}, {"nodes": 64, "activation": "relu"}, {"nodes": 4, "activation": "linear"}], "loss_function": "mse", "optimizer": "adam", "learning_rate": 0.001}, "training": {"batch_size": 64, "epsilon": {"min": 0.01, "max": 0.2, "change": 1}}, "number_of_episodes": 1000, "max_steps": 300, "number_of_actions": 4, "gamma": 0.99, "save_location": "../models/", "memory": {"size": 1000000}, "evaluation_episodes": 1, "best_score": -200, "robust_test_threshold": -200, "input_dimensions": 35}}