{"note": "Multi - None", "results": [{"episode": 0, "average_return": -612.3390965097059, "episode_scores": [-613.3572921250933, -754.4651184912367, -469.19487891278754], "uncertainty": {"wind": {"enabled": true, "default": 0, "range": [1, 19], "value": 0}, "gravity": {"enabled": true, "default": -10, "range": [-15, -5], "value": -7}, "random_start_position": {"enabled": true, "default": [300, 400], "x_range": [0, 550], "y_range": [400, 401], "value": [0, 400]}}}, {"episode": 1, "average_return": -141.12381490053437, "episode_scores": [-111.71441966126271, -100.0, -211.6570250403404], "uncertainty": {"wind": {"enabled": true, "default": 0, "range": [1, 19], "value": 0}, "gravity": {"enabled": true, "default": -10, "range": [-15, -5], "value": -12}, "random_start_position": {"enabled": true, "default": [300, 400], "x_range": [0, 550], "y_range": [400, 401], "value": [275, 400]}}}, {"episode": 2, "average_return": -122.582920550684, "episode_scores": [-100.7365757839759, -167.0121858680761, -100.0], "uncertainty": {"wind": {"enabled": true, "default": 0, "range": [1, 19], "value": 15}, "gravity": {"enabled": true, "default": -10, "range": [-15, -5], "value": -7}, "random_start_position": {"enabled": true, "default": [300, 400], "x_range": [0, 550], "y_range": [400, 401], "value": [0, 400]}}}, {"episode": 3, "average_return": -319.59817735251653, "episode_scores": [-145.133387052809, -645.1745767241933, -168.48656828054715], "uncertainty": {"wind": {"enabled": true, "default": 0, "range": [1, 19], "value": 15}, "gravity": {"enabled": true, "default": -10, "range": [-15, -5], "value": -10}, "random_start_position": {"enabled": true, "default": [300, 400], "x_range": [0, 550], "y_range": [400, 401], "value": [275, 400]}}}, {"episode": 4, "average_return": -118.38234160303772, "episode_scores": [-89.10669166878365, -100.0, -166.0403331403295], "uncertainty": {"wind": {"enabled": true, "default": 0, "range": [1, 19], "value": 0}, "gravity": {"enabled": true, "default": -10, "range": [-15, -5], "value": -12}, "random_start_position": {"enabled": true, "default": [300, 400], "x_range": [0, 550], "y_range": [400, 401], "value": [551, 400]}}}, {"episode": 5, "average_return": -114.98295835269532, "episode_scores": [-87.32169983400917, -100.0, -157.62717522407675], "uncertainty": {"wind": {"enabled": true, "default": 0, "range": [1, 19], "value": 0}, "gravity": {"enabled": true, "default": -10, "range": [-15, -5], "value": -7}, "random_start_position": {"enabled": true, "default": [300, 400], "x_range": [0, 550], "y_range": [400, 401], "value": [275, 400]}}}, {"episode": 6, "average_return": -37.36061733264096, "episode_scores": [17.443050464306765, -2.649896204654482, -126.87500625757517], "uncertainty": {"wind": {"enabled": true, "default": 0, "range": [1, 19], "value": 7}, "gravity": {"enabled": true, "default": -10, "range": [-15, -5], "value": -7}, "random_start_position": {"enabled": true, "default": [300, 400], "x_range": [0, 550], "y_range": [400, 401], "value": [551, 400]}}}, {"episode": 7, "average_return": -82.34217598221166, "episode_scores": [-100.0, -84.07835670511393, -62.94817124152104], "uncertainty": {"wind": {"enabled": true, "default": 0, "range": [1, 19], "value": 15}, "gravity": {"enabled": true, "default": -10, "range": [-15, -5], "value": -10}, "random_start_position": {"enabled": true, "default": [300, 400], "x_range": [0, 550], "y_range": [400, 401], "value": [551, 400]}}}, {"episode": 8, "average_return": -170.3464566866266, "episode_scores": [-100.0, -138.84268733470623, -272.19668272517356], "uncertainty": {"wind": {"enabled": true, "default": 0, "range": [1, 19], "value": 0}, "gravity": {"enabled": true, "default": -10, "range": [-15, -5], "value": -10}, "random_start_position": {"enabled": true, "default": [300, 400], "x_range": [0, 550], "y_range": [400, 401], "value": [275, 400]}}}, {"episode": 9, "average_return": -111.24284577715576, "episode_scores": [-97.54286735544791, -100.0, -136.18566997601937], "uncertainty": {"wind": {"enabled": true, "default": 0, "range": [1, 19], "value": 7}, "gravity": {"enabled": true, "default": -10, "range": [-15, -5], "value": -12}, "random_start_position": {"enabled": true, "default": [300, 400], "x_range": [0, 550], "y_range": [400, 401], "value": [551, 400]}}}, {"episode": 10, "average_return": -154.25645661636813, "episode_scores": [-100.0, -104.690183138396, -258.07918671070837], "uncertainty": {"wind": {"enabled": true, "default": 0, "range": [1, 19], "value": 15}, "gravity": {"enabled": true, "default": -10, "range": [-12, -5], "value": -7}, "random_start_position": {"enabled": true, "default": [300, 400], "x_range": [0, 550], "y_range": [400, 401], "value": [275, 400]}}}, {"episode": 11, "average_return": -106.96684733881892, "episode_scores": [-100.0, -179.44034785669663, -41.46019415976013], "uncertainty": {"wind": {"enabled": true, "default": 0, "range": [1, 19], "value": 0}, "gravity": {"enabled": true, "default": -10, "range": [-12, -5], "value": -10}, "random_start_position": {"enabled": true, "default": [300, 400], "x_range": [0, 550], "y_range": [400, 401], "value": [275, 400]}}}, {"episode": 12, "average_return": -125.35790324802554, "episode_scores": [-100.0, -153.02390648629034, -123.04980325778628], "uncertainty": {"wind": {"enabled": true, "default": 0, "range": [1, 19], "value": 15}, "gravity": {"enabled": true, "default": -10, "range": [-12, -5], "value": -12}, "random_start_position": {"enabled": true, "default": [300, 400], "x_range": [0, 550], "y_range": [400, 401], "value": [275, 400]}}}, {"episode": 13, "average_return": 21.501358754913372, "episode_scores": [-60.92260373463814, 104.23852872334722, 21.18815127603105], "uncertainty": {"wind": {"enabled": true, "default": 0, "range": [1, 19], "value": 7}, "gravity": {"enabled": true, "default": -10, "range": [-12, -5], "value": -7}, "random_start_position": {"enabled": true, "default": [300, 400], "x_range": [0, 550], "y_range": [400, 401], "value": [551, 400]}}}, {"episode": 14, "average_return": -116.28629555731737, "episode_scores": [-178.04410764838593, -70.81477902356619, -100.0], "uncertainty": {"wind": {"enabled": true, "default": 0, "range": [1, 19], "value": 7}, "gravity": {"enabled": true, "default": -10, "range": [-12, -5], "value": -12}, "random_start_position": {"enabled": true, "default": [300, 400], "x_range": [0, 550], "y_range": [400, 401], "value": [0, 400]}}}, {"episode": 15, "average_return": -120.40599785377155, "episode_scores": [-48.18810409719031, -240.52017062931822, -72.50971883480611], "uncertainty": {"wind": {"enabled": true, "default": 0, "range": [1, 19], "value": 0}, "gravity": {"enabled": true, "default": -10, "range": [-12, -5], "value": -7}, "random_start_position": {"enabled": true, "default": [300, 400], "x_range": [0, 550], "y_range": [400, 401], "value": [275, 400]}}}, {"episode": 16, "average_return": -76.98603918696567, "episode_scores": [-29.275301607694576, -100.0, -101.68281595320242], "uncertainty": {"wind": {"enabled": true, "default": 0, "range": [1, 19], "value": 7}, "gravity": {"enabled": true, "default": -10, "range": [-12, -5], "value": -12}, "random_start_position": {"enabled": true, "default": [300, 400], "x_range": [0, 550], "y_range": [400, 401], "value": [551, 400]}}}, {"episode": 17, "average_return": -332.4259371809994, "episode_scores": [37.059920996877445, -840.2094976848686, -194.12823485500712], "uncertainty": {"wind": {"enabled": true, "default": 0, "range": [1, 19], "value": 0}, "gravity": {"enabled": true, "default": -10, "range": [-12, -5], "value": -10}, "random_start_position": {"enabled": true, "default": [300, 400], "x_range": [0, 550], "y_range": [400, 401], "value": [551, 400]}}}, {"episode": 18, "average_return": 14.248891186202812, "episode_scores": [-100.0, 112.9773495236904, 29.76932403491803], "uncertainty": {"wind": {"enabled": true, "default": 0, "range": [1, 19], "value": 7}, "gravity": {"enabled": true, "default": -10, "range": [-12, -5], "value": -7}, "random_start_position": {"enabled": true, "default": [300, 400], "x_range": [0, 550], "y_range": [400, 401], "value": [551, 400]}}}, {"episode": 19, "average_return": -293.20462956813867, "episode_scores": [-100.0, -651.9789872697588, -127.63490143465715], "uncertainty": {"wind": {"enabled": true, "default": 0, "range": [1, 19], "value": 0}, "gravity": {"enabled": true, "default": -10, "range": [-12, -5], "value": -12}, "random_start_position": {"enabled": true, "default": [300, 400], "x_range": [0, 550], "y_range": [400, 401], "value": [551, 400]}}}, {"episode": 20, "average_return": -44.200157685362655, "episode_scores": [-100.0, 37.451474114500144, -70.05194717058811], "uncertainty": {"wind": {"enabled": true, "default": 0, "range": [1, 19], "value": 15}, "gravity": {"enabled": true, "default": -10, "range": [-12, -5], "value": -10}, "random_start_position": {"enabled": true, "default": [300, 400], "x_range": [0, 550], "y_range": [400, 401], "value": [551, 400]}}}, {"episode": 21, "average_return": -65.99117677757148, "episode_scores": [-13.981118695902595, -81.92683962756182, -102.06557200925005], "uncertainty": {"wind": {"enabled": true, "default": 0, "range": [1, 19], "value": 15}, "gravity": {"enabled": true, "default": -10, "range": [-12, -5], "value": -12}, "random_start_position": {"enabled": true, "default": [300, 400], "x_range": [0, 550], "y_range": [400, 401], "value": [0, 400]}}}, {"episode": 22, "average_return": -86.16366644436938, "episode_scores": [-54.65725233981869, -100.0, -103.83374699328947], "uncertainty": {"wind": {"enabled": true, "default": 0, "range": [1, 19], "value": 15}, "gravity": {"enabled": true, "default": -10, "range": [-12, -5], "value": -7}, "random_start_position": {"enabled": true, "default": [300, 400], "x_range": [0, 550], "y_range": [400, 401], "value": [551, 400]}}}, {"episode": 23, "average_return": -370.5131117550797, "episode_scores": [-100.0, -726.8879888188108, -284.6513464464282], "uncertainty": {"wind": {"enabled": true, "default": 0, "range": [1, 19], "value": 15}, "gravity": {"enabled": true, "default": -10, "range": [-12, -5], "value": -12}, "random_start_position": {"enabled": true, "default": [300, 400], "x_range": [0, 550], "y_range": [400, 401], "value": [551, 400]}}}, {"episode": 24, "average_return": 2.688191765648933, "episode_scores": [-100.0, 227.79718247117435, -119.73260717422755], "uncertainty": {"wind": {"enabled": true, "default": 0, "range": [1, 19], "value": 0}, "gravity": {"enabled": true, "default": -10, "range": [-12, -5], "value": -7}, "random_start_position": {"enabled": true, "default": [300, 400], "x_range": [0, 550], "y_range": [400, 401], "value": [551, 400]}}}, {"episode": 25, "average_return": -98.98012185293648, "episode_scores": [-130.66842657709967, -128.56905788662934, -37.70288109508042], "uncertainty": {"wind": {"enabled": true, "default": 0, "range": [1, 19], "value": 0}, "gravity": {"enabled": true, "default": -10, "range": [-12, -5], "value": -7}, "random_start_position": {"enabled": true, "default": [300, 400], "x_range": [0, 550], "y_range": [400, 401], "value": [275, 400]}}}, {"episode": 26, "average_return": -167.65286827206174, "episode_scores": [-215.05295718432367, -128.81142576232276, -159.09422186953887], "uncertainty": {"wind": {"enabled": true, "default": 0, "range": [1, 19], "value": 7}, "gravity": {"enabled": true, "default": -10, "range": [-12, -5], "value": -7}, "random_start_position": {"enabled": true, "default": [300, 400], "x_range": [0, 550], "y_range": [400, 401], "value": [275, 400]}}}, {"episode": 27, "average_return": -399.37013916981795, "episode_scores": [-622.8991125765018, -100.0, -475.211304932952], "uncertainty": {"wind": {"enabled": true, "default": 0, "range": [1, 19], "value": 7}, "gravity": {"enabled": true, "default": -10, "range": [-12, -5], "value": -12}, "random_start_position": {"enabled": true, "default": [300, 400], "x_range": [0, 550], "y_range": [400, 401], "value": [275, 400]}}}, {"episode": 28, "average_return": -147.3988208801948, "episode_scores": [-112.94139958066452, -186.61118960645427, -142.64387345346563], "uncertainty": {"wind": {"enabled": true, "default": 0, "range": [1, 19], "value": 7}, "gravity": {"enabled": true, "default": -10, "range": [-12, -5], "value": -12}, "random_start_position": {"enabled": true, "default": [300, 400], "x_range": [0, 550], "y_range": [400, 401], "value": [0, 400]}}}, {"episode": 29, "average_return": -537.5654938431588, "episode_scores": [-643.17948105729, -102.28321430644866, -867.2337861657379], "uncertainty": {"wind": {"enabled": true, "default": 0, "range": [1, 19], "value": 15}, "gravity": {"enabled": true, "default": -10, "range": [-12, -5], "value": -7}, "random_start_position": {"enabled": true, "default": [300, 400], "x_range": [0, 550], "y_range": [400, 401], "value": [0, 400]}}}, {"episode": 30, "average_return": -307.55253737308567, "episode_scores": [-609.4267895672087, -70.1985059685599, -243.0323165834884], "uncertainty": {"wind": {"enabled": true, "default": 0, "range": [1, 19], "value": 7}, "gravity": {"enabled": true, "default": -10, "range": [-12, -5], "value": -12}, "random_start_position": {"enabled": true, "default": [300, 400], "x_range": [0, 550], "y_range": [400, 401], "value": [551, 400]}}}, {"episode": 31, "average_return": -351.0440540337747, "episode_scores": [-563.4514848140298, -100.0, -389.6806772872945], "uncertainty": {"wind": {"enabled": true, "default": 0, "range": [1, 19], "value": 15}, "gravity": {"enabled": true, "default": -10, "range": [-12, -5], "value": -12}, "random_start_position": {"enabled": true, "default": [300, 400], "x_range": [0, 550], "y_range": [400, 401], "value": [551, 400]}}}], "config": {"general": {"model_type": "multi", "save_results": true, "render_training": false, "render_evaluation": false, "verbose": true}, "uncertainty": {"wind": {"enabled": true, "default": 0, "range": [1, 19], "value": "None"}, "gravity": {"enabled": true, "default": -10, "range": [-15, -5], "value": "None"}, "random_start_position": {"enabled": true, "default": [300, 400], "x_range": [0, 550], "y_range": [400, 401], "value": "None"}}, "network": {"layers": [{"nodes": 128, "activation": "relu"}, {"nodes": 128, "activation": "relu"}, {"nodes": 128, "activation": "relu"}, {"nodes": 4, "activation": "linear"}], "loss_function": "mse", "optimizer": "adam", "learning_rate": 0.001}, "training": {"batch_size": 64, "epsilon": {"min": 0.01, "max": 0.2, "change": 1}}, "number_of_episodes": 1000, "max_steps": 500, "number_of_actions": 4, "gamma": 0.99, "save_location": "../models/", "memory": {"size": 1000000}, "evaluation_episodes": 1, "best_score": 200, "robust_test_threshold": 200, "input_dimensions": 44}}