{"note": "Four timesteps 4x 128 - All Uncertainties", "results": [], "config": {"general": {"model_type": "multi", "save_results": true, "render_training": false, "render_evaluation": false, "verbose": true}, "uncertainty": {"wind": {"enabled": true, "default": 0, "range": [1, 19], "value": "Non87"}, "gravity": {"enabled": true, "default": -10, "range": [-12, -5], "value": "None"}, "random_start_position": {"enabled": true, "default": [300, 400], "x_range": [0, 550], "y_range": [400, 401], "value": "None"}}, "network": {"layers": [{"nodes": 128, "activation": "relu"}, {"nodes": 128, "activation": "relu"}, {"nodes": 128, "activation": "relu"}, {"nodes": 128, "activation": "relu"}, {"nodes": 4, "activation": "linear"}], "loss_function": "mse", "optimizer": "adam", "learning_rate": 0.001}, "training": {"batch_size": 64, "epsilon": {"min": 0.01, "max": 0.2, "change": 1}}, "number_of_episodes": 1000, "max_steps": 500, "number_of_actions": 4, "gamma": 0.99, "save_location": "../models/", "memory": {"size": 1000000}, "evaluation_episodes": 1, "best_score": 200, "robust_test_threshold": 200, "input_dimensions": 44}}