{"note": "Multi - None", "results": [{"episode": 0, "average_return": -512.2507431921282, "episode_scores": [-611.0995915494832, -526.3548022247389, -399.29783580216247], "uncertainty": {"wind": {"enabled": true, "default": 0, "range": [1, 19], "value": 15}, "gravity": {"enabled": true, "default": -10, "range": [-12, -5], "value": -10}, "random_start_position": {"enabled": true, "default": [300, 400], "x_range": [0, 550], "y_range": [400, 401], "value": [275, 400]}}}, {"episode": 1, "average_return": -437.6184026886003, "episode_scores": [-409.19148758311724, -437.54727879118514, -466.1164416914987], "uncertainty": {"wind": {"enabled": true, "default": 0, "range": [1, 19], "value": 7}, "gravity": {"enabled": true, "default": -10, "range": [-12, -5], "value": -12}, "random_start_position": {"enabled": true, "default": [300, 400], "x_range": [0, 550], "y_range": [400, 401], "value": [275, 400]}}}, {"episode": 2, "average_return": -365.3433393947258, "episode_scores": [-371.77129885691846, -100.0, -624.2587193272589], "uncertainty": {"wind": {"enabled": true, "default": 0, "range": [1, 19], "value": 0}, "gravity": {"enabled": true, "default": -10, "range": [-12, -5], "value": -7}, "random_start_position": {"enabled": true, "default": [300, 400], "x_range": [0, 550], "y_range": [400, 401], "value": [275, 400]}}}, {"episode": 3, "average_return": -183.98261826244357, "episode_scores": [-132.70406911738982, -182.04351235564064, -237.20027331430032], "uncertainty": {"wind": {"enabled": true, "default": 0, "range": [1, 19], "value": 7}, "gravity": {"enabled": true, "default": -10, "range": [-12, -5], "value": -7}, "random_start_position": {"enabled": true, "default": [300, 400], "x_range": [0, 550], "y_range": [400, 401], "value": [0, 400]}}}, {"episode": 4, "average_return": -197.42137650211714, "episode_scores": [-140.07640551528775, -100.0, -352.18772399106365], "uncertainty": {"wind": {"enabled": true, "default": 0, "range": [1, 19], "value": 15}, "gravity": {"enabled": true, "default": -10, "range": [-12, -5], "value": -7}, "random_start_position": {"enabled": true, "default": [300, 400], "x_range": [0, 550], "y_range": [400, 401], "value": [551, 400]}}}, {"episode": 5, "average_return": -332.7586833111741, "episode_scores": [-473.650437612495, -424.6256123210273, -100.0], "uncertainty": {"wind": {"enabled": true, "default": 0, "range": [1, 19], "value": 0}, "gravity": {"enabled": true, "default": -10, "range": [-12, -5], "value": -10}, "random_start_position": {"enabled": true, "default": [300, 400], "x_range": [0, 550], "y_range": [400, 401], "value": [0, 400]}}}, {"episode": 6, "average_return": -227.138729707186, "episode_scores": [-147.2506036988599, -315.22186946409977, -218.94371595859832], "uncertainty": {"wind": {"enabled": true, "default": 0, "range": [1, 19], "value": 7}, "gravity": {"enabled": true, "default": -10, "range": [-12, -5], "value": -10}, "random_start_position": {"enabled": true, "default": [300, 400], "x_range": [0, 550], "y_range": [400, 401], "value": [551, 400]}}}, {"episode": 7, "average_return": -161.2346724156845, "episode_scores": [-145.6854561358515, -125.90346385781365, -212.1150972533884], "uncertainty": {"wind": {"enabled": true, "default": 0, "range": [1, 19], "value": 15}, "gravity": {"enabled": true, "default": -10, "range": [-12, -5], "value": -10}, "random_start_position": {"enabled": true, "default": [300, 400], "x_range": [0, 550], "y_range": [400, 401], "value": [551, 400]}}}, {"episode": 8, "average_return": -145.48231172222975, "episode_scores": [-111.43707620611009, -100.0, -225.00985896057918], "uncertainty": {"wind": {"enabled": true, "default": 0, "range": [1, 19], "value": 7}, "gravity": {"enabled": true, "default": -10, "range": [-12, -5], "value": -12}, "random_start_position": {"enabled": true, "default": [300, 400], "x_range": [0, 550], "y_range": [400, 401], "value": [551, 400]}}}, {"episode": 9, "average_return": -273.17239771290724, "episode_scores": [-496.6428996688128, -159.4978858909483, -163.3764075789607], "uncertainty": {"wind": {"enabled": true, "default": 0, "range": [1, 19], "value": 0}, "gravity": {"enabled": true, "default": -10, "range": [-12, -5], "value": -10}, "random_start_position": {"enabled": true, "default": [300, 400], "x_range": [0, 550], "y_range": [400, 401], "value": [0, 400]}}}, {"episode": 10, "average_return": -179.61532369109818, "episode_scores": [-274.1050763119033, -100.0, -164.7408947613913], "uncertainty": {"wind": {"enabled": true, "default": 0, "range": [1, 19], "value": 0}, "gravity": {"enabled": true, "default": -10, "range": [-12, -5], "value": -12}, "random_start_position": {"enabled": true, "default": [300, 400], "x_range": [0, 550], "y_range": [400, 401], "value": [551, 400]}}}, {"episode": 11, "average_return": -154.28012803957466, "episode_scores": [-195.91323193927064, -166.92715217945334, -100.0], "uncertainty": {"wind": {"enabled": true, "default": 0, "range": [1, 19], "value": 0}, "gravity": {"enabled": true, "default": -10, "range": [-12, -5], "value": -7}, "random_start_position": {"enabled": true, "default": [300, 400], "x_range": [0, 550], "y_range": [400, 401], "value": [0, 400]}}}, {"episode": 12, "average_return": -229.47499173409324, "episode_scores": [-163.79221294300712, -236.67949896113035, -287.95326329814225], "uncertainty": {"wind": {"enabled": true, "default": 0, "range": [1, 19], "value": 7}, "gravity": {"enabled": true, "default": -10, "range": [-12, -5], "value": -7}, "random_start_position": {"enabled": true, "default": [300, 400], "x_range": [0, 550], "y_range": [400, 401], "value": [0, 400]}}}, {"episode": 13, "average_return": -134.93029462306882, "episode_scores": [44.8307326464563, -311.8687112529617, -137.7529052627011], "uncertainty": {"wind": {"enabled": true, "default": 0, "range": [1, 19], "value": 7}, "gravity": {"enabled": true, "default": -10, "range": [-12, -5], "value": -7}, "random_start_position": {"enabled": true, "default": [300, 400], "x_range": [0, 550], "y_range": [400, 401], "value": [551, 400]}}}, {"episode": 14, "average_return": -413.59277792831654, "episode_scores": [-543.677316394246, -100.0, -597.1010173907036], "uncertainty": {"wind": {"enabled": true, "default": 0, "range": [1, 19], "value": 15}, "gravity": {"enabled": true, "default": -10, "range": [-12, -5], "value": -10}, "random_start_position": {"enabled": true, "default": [300, 400], "x_range": [0, 550], "y_range": [400, 401], "value": [551, 400]}}}, {"episode": 15, "average_return": -13.371629019231754, "episode_scores": [-131.55001658115646, 83.53810838254138, 7.89702114091981], "uncertainty": {"wind": {"enabled": true, "default": 0, "range": [1, 19], "value": 15}, "gravity": {"enabled": true, "default": -10, "range": [-12, -5], "value": -10}, "random_start_position": {"enabled": true, "default": [300, 400], "x_range": [0, 550], "y_range": [400, 401], "value": [275, 400]}}}, {"episode": 16, "average_return": -55.82314833883779, "episode_scores": [34.14244160163159, -72.39348007342592, -129.21840654471902], "uncertainty": {"wind": {"enabled": true, "default": 0, "range": [1, 19], "value": 7}, "gravity": {"enabled": true, "default": -10, "range": [-12, -5], "value": -7}, "random_start_position": {"enabled": true, "default": [300, 400], "x_range": [0, 550], "y_range": [400, 401], "value": [275, 400]}}}, {"episode": 17, "average_return": -115.13985788478392, "episode_scores": [-102.43949606151236, -157.2145950994253, -85.76548249341411], "uncertainty": {"wind": {"enabled": true, "default": 0, "range": [1, 19], "value": 0}, "gravity": {"enabled": true, "default": -10, "range": [-12, -5], "value": -10}, "random_start_position": {"enabled": true, "default": [300, 400], "x_range": [0, 550], "y_range": [400, 401], "value": [275, 400]}}}, {"episode": 18, "average_return": -18.805142024903763, "episode_scores": [15.144403363301521, -108.28878217272181, 36.728952734709], "uncertainty": {"wind": {"enabled": true, "default": 0, "range": [1, 19], "value": 0}, "gravity": {"enabled": true, "default": -10, "range": [-12, -5], "value": -10}, "random_start_position": {"enabled": true, "default": [300, 400], "x_range": [0, 550], "y_range": [400, 401], "value": [275, 400]}}}, {"episode": 19, "average_return": -150.33598085079498, "episode_scores": [-393.0617126840291, -132.3305962787286, 74.38436641037272], "uncertainty": {"wind": {"enabled": true, "default": 0, "range": [1, 19], "value": 7}, "gravity": {"enabled": true, "default": -10, "range": [-12, -5], "value": -7}, "random_start_position": {"enabled": true, "default": [300, 400], "x_range": [0, 550], "y_range": [400, 401], "value": [275, 400]}}}, {"episode": 20, "average_return": 25.84615776562883, "episode_scores": [46.12252290276761, 24.38037835029573, 7.035572043823164], "uncertainty": {"wind": {"enabled": true, "default": 0, "range": [1, 19], "value": 7}, "gravity": {"enabled": true, "default": -10, "range": [-12, -5], "value": -7}, "random_start_position": {"enabled": true, "default": [300, 400], "x_range": [0, 550], "y_range": [400, 401], "value": [275, 400]}}}, {"episode": 21, "average_return": -84.24335499476075, "episode_scores": [-101.17158722925666, -100.0, -51.55847775502558], "uncertainty": {"wind": {"enabled": true, "default": 0, "range": [1, 19], "value": 0}, "gravity": {"enabled": true, "default": -10, "range": [-12, -5], "value": -10}, "random_start_position": {"enabled": true, "default": [300, 400], "x_range": [0, 550], "y_range": [400, 401], "value": [275, 400]}}}, {"episode": 22, "average_return": -87.76098871262273, "episode_scores": [-100.0, -61.43092448407027, -101.85204165379793], "uncertainty": {"wind": {"enabled": true, "default": 0, "range": [1, 19], "value": 15}, "gravity": {"enabled": true, "default": -10, "range": [-12, -5], "value": -10}, "random_start_position": {"enabled": true, "default": [300, 400], "x_range": [0, 550], "y_range": [400, 401], "value": [551, 400]}}}, {"episode": 23, "average_return": -138.5371216782697, "episode_scores": [-170.06205858065462, -100.0, -145.54930645415453], "uncertainty": {"wind": {"enabled": true, "default": 0, "range": [1, 19], "value": 0}, "gravity": {"enabled": true, "default": -10, "range": [-12, -5], "value": -12}, "random_start_position": {"enabled": true, "default": [300, 400], "x_range": [0, 550], "y_range": [400, 401], "value": [275, 400]}}}, {"episode": 24, "average_return": -81.08088455249138, "episode_scores": [-151.87260283017076, -100.0, 8.629949172696612], "uncertainty": {"wind": {"enabled": true, "default": 0, "range": [1, 19], "value": 15}, "gravity": {"enabled": true, "default": -10, "range": [-12, -5], "value": -7}, "random_start_position": {"enabled": true, "default": [300, 400], "x_range": [0, 550], "y_range": [400, 401], "value": [551, 400]}}}, {"episode": 25, "average_return": 35.961145835240046, "episode_scores": [-109.85499228326997, 167.9021237283193, 49.8363060606708], "uncertainty": {"wind": {"enabled": true, "default": 0, "range": [1, 19], "value": 7}, "gravity": {"enabled": true, "default": -10, "range": [-12, -5], "value": -10}, "random_start_position": {"enabled": true, "default": [300, 400], "x_range": [0, 550], "y_range": [400, 401], "value": [275, 400]}}}, {"episode": 26, "average_return": -67.7006944111962, "episode_scores": [-100.0, -32.163121644492904, -70.9389615890957], "uncertainty": {"wind": {"enabled": true, "default": 0, "range": [1, 19], "value": 15}, "gravity": {"enabled": true, "default": -10, "range": [-12, -5], "value": -7}, "random_start_position": {"enabled": true, "default": [300, 400], "x_range": [0, 550], "y_range": [400, 401], "value": [551, 400]}}}, {"episode": 27, "average_return": -108.4078727649088, "episode_scores": [-85.5480076099782, -100.0, -139.67561068474822], "uncertainty": {"wind": {"enabled": true, "default": 0, "range": [1, 19], "value": 7}, "gravity": {"enabled": true, "default": -10, "range": [-12, -5], "value": -12}, "random_start_position": {"enabled": true, "default": [300, 400], "x_range": [0, 550], "y_range": [400, 401], "value": [551, 400]}}}, {"episode": 28, "average_return": -56.42523727145137, "episode_scores": [-100.42410840422147, 36.97128237356253, -105.82288578369517], "uncertainty": {"wind": {"enabled": true, "default": 0, "range": [1, 19], "value": 15}, "gravity": {"enabled": true, "default": -10, "range": [-12, -5], "value": -10}, "random_start_position": {"enabled": true, "default": [300, 400], "x_range": [0, 550], "y_range": [400, 401], "value": [275, 400]}}}, {"episode": 29, "average_return": -59.425715244355644, "episode_scores": [-94.00237590584099, -100.0, 15.725230172774069], "uncertainty": {"wind": {"enabled": true, "default": 0, "range": [1, 19], "value": 15}, "gravity": {"enabled": true, "default": -10, "range": [-12, -5], "value": -7}, "random_start_position": {"enabled": true, "default": [300, 400], "x_range": [0, 550], "y_range": [400, 401], "value": [275, 400]}}}, {"episode": 30, "average_return": -4.099721584161093, "episode_scores": [171.79838145919254, -84.09754621167582, -100.0], "uncertainty": {"wind": {"enabled": true, "default": 0, "range": [1, 19], "value": 7}, "gravity": {"enabled": true, "default": -10, "range": [-12, -5], "value": -12}, "random_start_position": {"enabled": true, "default": [300, 400], "x_range": [0, 550], "y_range": [400, 401], "value": [0, 400]}}}, {"episode": 31, "average_return": -70.51226834266036, "episode_scores": [-7.980501749516947, -103.55630327846413, -100.0], "uncertainty": {"wind": {"enabled": true, "default": 0, "range": [1, 19], "value": 15}, "gravity": {"enabled": true, "default": -10, "range": [-12, -5], "value": -7}, "random_start_position": {"enabled": true, "default": [300, 400], "x_range": [0, 550], "y_range": [400, 401], "value": [0, 400]}}}, {"episode": 32, "average_return": -126.411763781403, "episode_scores": [-229.1117945306456, -72.09543439061608, -78.02806242294729], "uncertainty": {"wind": {"enabled": true, "default": 0, "range": [1, 19], "value": 0}, "gravity": {"enabled": true, "default": -10, "range": [-12, -5], "value": -10}, "random_start_position": {"enabled": true, "default": [300, 400], "x_range": [0, 550], "y_range": [400, 401], "value": [0, 400]}}}, {"episode": 33, "average_return": -88.00069431933537, "episode_scores": [-100.0, -137.29361884639098, -26.708464111615086], "uncertainty": {"wind": {"enabled": true, "default": 0, "range": [1, 19], "value": 0}, "gravity": {"enabled": true, "default": -10, "range": [-12, -5], "value": -7}, "random_start_position": {"enabled": true, "default": [300, 400], "x_range": [0, 550], "y_range": [400, 401], "value": [275, 400]}}}, {"episode": 34, "average_return": -409.72155862449534, "episode_scores": [-491.14465649155994, -100.0, -638.0200193819259], "uncertainty": {"wind": {"enabled": true, "default": 0, "range": [1, 19], "value": 0}, "gravity": {"enabled": true, "default": -10, "range": [-12, -5], "value": -10}, "random_start_position": {"enabled": true, "default": [300, 400], "x_range": [0, 550], "y_range": [400, 401], "value": [551, 400]}}}, {"episode": 35, "average_return": -266.02491275745484, "episode_scores": [-422.1075777561738, -100.0, -275.9671605161907], "uncertainty": {"wind": {"enabled": true, "default": 0, "range": [1, 19], "value": 15}, "gravity": {"enabled": true, "default": -10, "range": [-12, -5], "value": -12}, "random_start_position": {"enabled": true, "default": [300, 400], "x_range": [0, 550], "y_range": [400, 401], "value": [275, 400]}}}, {"episode": 36, "average_return": 48.74303797950373, "episode_scores": [117.67896310064101, 157.38566955347906, -128.83551871560888], "uncertainty": {"wind": {"enabled": true, "default": 0, "range": [1, 19], "value": 0}, "gravity": {"enabled": true, "default": -10, "range": [-12, -5], "value": -7}, "random_start_position": {"enabled": true, "default": [300, 400], "x_range": [0, 550], "y_range": [400, 401], "value": [551, 400]}}}, {"episode": 37, "average_return": 25.20531869484186, "episode_scores": [138.6956089802561, -4.188760556972056, -58.89089233875848], "uncertainty": {"wind": {"enabled": true, "default": 0, "range": [1, 19], "value": 15}, "gravity": {"enabled": true, "default": -10, "range": [-12, -5], "value": -12}, "random_start_position": {"enabled": true, "default": [300, 400], "x_range": [0, 550], "y_range": [400, 401], "value": [551, 400]}}}, {"episode": 38, "average_return": 91.2288584084394, "episode_scores": [184.1821021278829, -87.30146597297552, 176.8059390704108], "uncertainty": {"wind": {"enabled": true, "default": 0, "range": [1, 19], "value": 0}, "gravity": {"enabled": true, "default": -10, "range": [-12, -5], "value": -10}, "random_start_position": {"enabled": true, "default": [300, 400], "x_range": [0, 550], "y_range": [400, 401], "value": [0, 400]}}}, {"episode": 39, "average_return": 61.2842307385019, "episode_scores": [209.32840238380928, 190.22690957381343, -215.70261974211704], "uncertainty": {"wind": {"enabled": true, "default": 0, "range": [1, 19], "value": 15}, "gravity": {"enabled": true, "default": -10, "range": [-12, -5], "value": -7}, "random_start_position": {"enabled": true, "default": [300, 400], "x_range": [0, 550], "y_range": [400, 401], "value": [551, 400]}}}, {"episode": 40, "average_return": -117.0110265425747, "episode_scores": [-93.34196349521233, -100.0, -157.69111613251178], "uncertainty": {"wind": {"enabled": true, "default": 0, "range": [1, 19], "value": 15}, "gravity": {"enabled": true, "default": -10, "range": [-12, -5], "value": -12}, "random_start_position": {"enabled": true, "default": [300, 400], "x_range": [0, 550], "y_range": [400, 401], "value": [275, 400]}}}, {"episode": 41, "average_return": 21.949214632982144, "episode_scores": [-100.0, 68.89034782159298, 96.95729607735345], "uncertainty": {"wind": {"enabled": true, "default": 0, "range": [1, 19], "value": 0}, "gravity": {"enabled": true, "default": -10, "range": [-12, -5], "value": -10}, "random_start_position": {"enabled": true, "default": [300, 400], "x_range": [0, 550], "y_range": [400, 401], "value": [551, 400]}}}, {"episode": 42, "average_return": 56.9374682005563, "episode_scores": [-6.285933374591181, 277.0983379762601, -100.0], "uncertainty": {"wind": {"enabled": true, "default": 0, "range": [1, 19], "value": 0}, "gravity": {"enabled": true, "default": -10, "range": [-12, -5], "value": -12}, "random_start_position": {"enabled": true, "default": [300, 400], "x_range": [0, 550], "y_range": [400, 401], "value": [0, 400]}}}, {"episode": 43, "average_return": -71.58626887984428, "episode_scores": [-80.3392220061759, 12.864946082305963, -147.2845307156629], "uncertainty": {"wind": {"enabled": true, "default": 0, "range": [1, 19], "value": 0}, "gravity": {"enabled": true, "default": -10, "range": [-12, -5], "value": -10}, "random_start_position": {"enabled": true, "default": [300, 400], "x_range": [0, 550], "y_range": [400, 401], "value": [275, 400]}}}, {"episode": 44, "average_return": -27.75703580009476, "episode_scores": [-71.41326003010232, 9.867727793626457, -21.725575163808415], "uncertainty": {"wind": {"enabled": true, "default": 0, "range": [1, 19], "value": 15}, "gravity": {"enabled": true, "default": -10, "range": [-12, -5], "value": -7}, "random_start_position": {"enabled": true, "default": [300, 400], "x_range": [0, 550], "y_range": [400, 401], "value": [0, 400]}}}, {"episode": 45, "average_return": -25.13922044280942, "episode_scores": [-100.0, -191.5523050651876, 216.13464373675936], "uncertainty": {"wind": {"enabled": true, "default": 0, "range": [1, 19], "value": 0}, "gravity": {"enabled": true, "default": -10, "range": [-12, -5], "value": -7}, "random_start_position": {"enabled": true, "default": [300, 400], "x_range": [0, 550], "y_range": [400, 401], "value": [275, 400]}}}, {"episode": 46, "average_return": -26.950327512451604, "episode_scores": [-185.89410908947053, 205.04312655211572, -100.0], "uncertainty": {"wind": {"enabled": true, "default": 0, "range": [1, 19], "value": 7}, "gravity": {"enabled": true, "default": -10, "range": [-12, -5], "value": -12}, "random_start_position": {"enabled": true, "default": [300, 400], "x_range": [0, 550], "y_range": [400, 401], "value": [0, 400]}}}, {"episode": 47, "average_return": 17.372227455293757, "episode_scores": [-100.0, -102.50679080267977, 254.62347316856105], "uncertainty": {"wind": {"enabled": true, "default": 0, "range": [1, 19], "value": 0}, "gravity": {"enabled": true, "default": -10, "range": [-12, -5], "value": -10}, "random_start_position": {"enabled": true, "default": [300, 400], "x_range": [0, 550], "y_range": [400, 401], "value": [275, 400]}}}, {"episode": 48, "average_return": -66.46627874073776, "episode_scores": [241.50467822706463, -123.21587461536839, -317.68763983390954], "uncertainty": {"wind": {"enabled": true, "default": 0, "range": [1, 19], "value": 0}, "gravity": {"enabled": true, "default": -10, "range": [-12, -5], "value": -10}, "random_start_position": {"enabled": true, "default": [300, 400], "x_range": [0, 550], "y_range": [400, 401], "value": [275, 400]}}}, {"episode": 49, "average_return": -23.540470948337713, "episode_scores": [17.288651182407513, 39.46132139953016, -127.37138542695082], "uncertainty": {"wind": {"enabled": true, "default": 0, "range": [1, 19], "value": 15}, "gravity": {"enabled": true, "default": -10, "range": [-12, -5], "value": -7}, "random_start_position": {"enabled": true, "default": [300, 400], "x_range": [0, 550], "y_range": [400, 401], "value": [551, 400]}}}, {"episode": 50, "average_return": 46.11116470667221, "episode_scores": [125.8739510159675, -48.96210638854939, 61.42164949259852], "uncertainty": {"wind": {"enabled": true, "default": 0, "range": [1, 19], "value": 15}, "gravity": {"enabled": true, "default": -10, "range": [-12, -5], "value": -10}, "random_start_position": {"enabled": true, "default": [300, 400], "x_range": [0, 550], "y_range": [400, 401], "value": [551, 400]}}}, {"episode": 51, "average_return": -13.03794605403832, "episode_scores": [-10.7189887832793, 77.11865442391922, -105.51350380275488], "uncertainty": {"wind": {"enabled": true, "default": 0, "range": [1, 19], "value": 0}, "gravity": {"enabled": true, "default": -10, "range": [-12, -5], "value": -7}, "random_start_position": {"enabled": true, "default": [300, 400], "x_range": [0, 550], "y_range": [400, 401], "value": [551, 400]}}}, {"episode": 52, "average_return": -138.10958983412772, "episode_scores": [-116.46741662892475, -102.39911022941857, -195.4622426440398], "uncertainty": {"wind": {"enabled": true, "default": 0, "range": [1, 19], "value": 7}, "gravity": {"enabled": true, "default": -10, "range": [-12, -5], "value": -12}, "random_start_position": {"enabled": true, "default": [300, 400], "x_range": [0, 550], "y_range": [400, 401], "value": [0, 400]}}}, {"episode": 53, "average_return": -191.22508936866896, "episode_scores": [-100.0, -342.4298574907215, -131.24541061528544], "uncertainty": {"wind": {"enabled": true, "default": 0, "range": [1, 19], "value": 15}, "gravity": {"enabled": true, "default": -10, "range": [-12, -5], "value": -7}, "random_start_position": {"enabled": true, "default": [300, 400], "x_range": [0, 550], "y_range": [400, 401], "value": [551, 400]}}}, {"episode": 54, "average_return": 85.16591239286072, "episode_scores": [219.56664831448018, -140.39215992275143, 176.3232487868534], "uncertainty": {"wind": {"enabled": true, "default": 0, "range": [1, 19], "value": 7}, "gravity": {"enabled": true, "default": -10, "range": [-12, -5], "value": -10}, "random_start_position": {"enabled": true, "default": [300, 400], "x_range": [0, 550], "y_range": [400, 401], "value": [0, 400]}}}, {"episode": 55, "average_return": 78.81026926646955, "episode_scores": [249.91030524079613, 86.52050255861252, -100.0], "uncertainty": {"wind": {"enabled": true, "default": 0, "range": [1, 19], "value": 0}, "gravity": {"enabled": true, "default": -10, "range": [-12, -5], "value": -10}, "random_start_position": {"enabled": true, "default": [300, 400], "x_range": [0, 550], "y_range": [400, 401], "value": [0, 400]}}}, {"episode": 56, "average_return": -49.664848773177404, "episode_scores": [-110.36032581623067, 61.365779496698465, -100.0], "uncertainty": {"wind": {"enabled": true, "default": 0, "range": [1, 19], "value": 7}, "gravity": {"enabled": true, "default": -10, "range": [-12, -5], "value": -7}, "random_start_position": {"enabled": true, "default": [300, 400], "x_range": [0, 550], "y_range": [400, 401], "value": [0, 400]}}}, {"episode": 57, "average_return": 61.465501151948764, "episode_scores": [20.304242472517394, 280.8797731838763, -116.78751220054738], "uncertainty": {"wind": {"enabled": true, "default": 0, "range": [1, 19], "value": 7}, "gravity": {"enabled": true, "default": -10, "range": [-12, -5], "value": -12}, "random_start_position": {"enabled": true, "default": [300, 400], "x_range": [0, 550], "y_range": [400, 401], "value": [551, 400]}}}, {"episode": 58, "average_return": 10.846743327299931, "episode_scores": [-100.55771238102604, 190.27826269134812, -57.18032032842229], "uncertainty": {"wind": {"enabled": true, "default": 0, "range": [1, 19], "value": 15}, "gravity": {"enabled": true, "default": -10, "range": [-12, -5], "value": -7}, "random_start_position": {"enabled": true, "default": [300, 400], "x_range": [0, 550], "y_range": [400, 401], "value": [551, 400]}}}, {"episode": 59, "average_return": -25.703638543955503, "episode_scores": [-205.24898836294204, -0.720261150100229, 128.85833388117578], "uncertainty": {"wind": {"enabled": true, "default": 0, "range": [1, 19], "value": 7}, "gravity": {"enabled": true, "default": -10, "range": [-12, -5], "value": -7}, "random_start_position": {"enabled": true, "default": [300, 400], "x_range": [0, 550], "y_range": [400, 401], "value": [0, 400]}}}, {"episode": 60, "average_return": 25.44072650139397, "episode_scores": [-5.304809380745539, 179.16608944652012, -97.53910056159265], "uncertainty": {"wind": {"enabled": true, "default": 0, "range": [1, 19], "value": 0}, "gravity": {"enabled": true, "default": -10, "range": [-12, -5], "value": -7}, "random_start_position": {"enabled": true, "default": [300, 400], "x_range": [0, 550], "y_range": [400, 401], "value": [551, 400]}}}, {"episode": 61, "average_return": 7.627080520822541, "episode_scores": [-73.31726442322704, -0.4351117751510145, 96.63361776084568], "uncertainty": {"wind": {"enabled": true, "default": 0, "range": [1, 19], "value": 0}, "gravity": {"enabled": true, "default": -10, "range": [-12, -5], "value": -7}, "random_start_position": {"enabled": true, "default": [300, 400], "x_range": [0, 550], "y_range": [400, 401], "value": [0, 400]}}}, {"episode": 62, "average_return": -70.50467988279564, "episode_scores": [187.05036770867162, -298.56440735705854, -100.0], "uncertainty": {"wind": {"enabled": true, "default": 0, "range": [1, 19], "value": 15}, "gravity": {"enabled": true, "default": -10, "range": [-12, -5], "value": -10}, "random_start_position": {"enabled": true, "default": [300, 400], "x_range": [0, 550], "y_range": [400, 401], "value": [0, 400]}}}, {"episode": 63, "average_return": 43.39132670063512, "episode_scores": [-100.0, 32.85380746235509, 197.32017263955026], "uncertainty": {"wind": {"enabled": true, "default": 0, "range": [1, 19], "value": 15}, "gravity": {"enabled": true, "default": -10, "range": [-12, -5], "value": -10}, "random_start_position": {"enabled": true, "default": [300, 400], "x_range": [0, 550], "y_range": [400, 401], "value": [275, 400]}}}, {"episode": 64, "average_return": -150.04860013787757, "episode_scores": [-100.0, -91.68634550577593, -258.45945490785675], "uncertainty": {"wind": {"enabled": true, "default": 0, "range": [1, 19], "value": 0}, "gravity": {"enabled": true, "default": -10, "range": [-12, -5], "value": -12}, "random_start_position": {"enabled": true, "default": [300, 400], "x_range": [0, 550], "y_range": [400, 401], "value": [551, 400]}}}, {"episode": 65, "average_return": -14.33455549205621, "episode_scores": [-100.0, 207.06653291727912, -150.07019939344775], "uncertainty": {"wind": {"enabled": true, "default": 0, "range": [1, 19], "value": 7}, "gravity": {"enabled": true, "default": -10, "range": [-12, -5], "value": -12}, "random_start_position": {"enabled": true, "default": [300, 400], "x_range": [0, 550], "y_range": [400, 401], "value": [551, 400]}}}, {"episode": 66, "average_return": 66.2507580637391, "episode_scores": [190.26772541045779, 118.7774452693235, -110.292896488564], "uncertainty": {"wind": {"enabled": true, "default": 0, "range": [1, 19], "value": 7}, "gravity": {"enabled": true, "default": -10, "range": [-12, -5], "value": -12}, "random_start_position": {"enabled": true, "default": [300, 400], "x_range": [0, 550], "y_range": [400, 401], "value": [551, 400]}}}, {"episode": 67, "average_return": -33.85637289464241, "episode_scores": [-128.17007269580805, -100.0, 126.60095401188082], "uncertainty": {"wind": {"enabled": true, "default": 0, "range": [1, 19], "value": 7}, "gravity": {"enabled": true, "default": -10, "range": [-12, -5], "value": -7}, "random_start_position": {"enabled": true, "default": [300, 400], "x_range": [0, 550], "y_range": [400, 401], "value": [275, 400]}}}, {"episode": 68, "average_return": -104.2452655238521, "episode_scores": [-137.39178988442268, -100.0, -75.34400668713366], "uncertainty": {"wind": {"enabled": true, "default": 0, "range": [1, 19], "value": 7}, "gravity": {"enabled": true, "default": -10, "range": [-12, -5], "value": -12}, "random_start_position": {"enabled": true, "default": [300, 400], "x_range": [0, 550], "y_range": [400, 401], "value": [551, 400]}}}, {"episode": 69, "average_return": -186.4841003022067, "episode_scores": [-138.60347508747793, -173.61246438910356, -247.2363614300387], "uncertainty": {"wind": {"enabled": true, "default": 0, "range": [1, 19], "value": 15}, "gravity": {"enabled": true, "default": -10, "range": [-12, -5], "value": -10}, "random_start_position": {"enabled": true, "default": [300, 400], "x_range": [0, 550], "y_range": [400, 401], "value": [0, 400]}}}, {"episode": 70, "average_return": 59.463034946587356, "episode_scores": [164.3700514035009, -100.0, 114.01905343626116], "uncertainty": {"wind": {"enabled": true, "default": 0, "range": [1, 19], "value": 7}, "gravity": {"enabled": true, "default": -10, "range": [-12, -5], "value": -7}, "random_start_position": {"enabled": true, "default": [300, 400], "x_range": [0, 550], "y_range": [400, 401], "value": [275, 400]}}}, {"episode": 71, "average_return": -108.92680684398988, "episode_scores": [-100.0, -171.78021622388673, -55.00020430808294], "uncertainty": {"wind": {"enabled": true, "default": 0, "range": [1, 19], "value": 15}, "gravity": {"enabled": true, "default": -10, "range": [-12, -5], "value": -12}, "random_start_position": {"enabled": true, "default": [300, 400], "x_range": [0, 550], "y_range": [400, 401], "value": [551, 400]}}}, {"episode": 72, "average_return": -213.55969339224268, "episode_scores": [-232.50356641061185, -208.54782634656283, -199.62768741955338], "uncertainty": {"wind": {"enabled": true, "default": 0, "range": [1, 19], "value": 0}, "gravity": {"enabled": true, "default": -10, "range": [-12, -5], "value": -7}, "random_start_position": {"enabled": true, "default": [300, 400], "x_range": [0, 550], "y_range": [400, 401], "value": [275, 400]}}}, {"episode": 73, "average_return": -104.32408671378948, "episode_scores": [-190.50604181897452, -81.17528237653848, -41.29093594585544], "uncertainty": {"wind": {"enabled": true, "default": 0, "range": [1, 19], "value": 15}, "gravity": {"enabled": true, "default": -10, "range": [-12, -5], "value": -12}, "random_start_position": {"enabled": true, "default": [300, 400], "x_range": [0, 550], "y_range": [400, 401], "value": [551, 400]}}}, {"episode": 74, "average_return": 158.92575741731045, "episode_scores": [232.1649045878405, 95.8842623215819, 148.72810534250894], "uncertainty": {"wind": {"enabled": true, "default": 0, "range": [1, 19], "value": 0}, "gravity": {"enabled": true, "default": -10, "range": [-12, -5], "value": -10}, "random_start_position": {"enabled": true, "default": [300, 400], "x_range": [0, 550], "y_range": [400, 401], "value": [0, 400]}}}, {"episode": 75, "average_return": -14.109540688276786, "episode_scores": [59.74623734497058, -100.0, -2.074859409800938], "uncertainty": {"wind": {"enabled": true, "default": 0, "range": [1, 19], "value": 7}, "gravity": {"enabled": true, "default": -10, "range": [-12, -5], "value": -12}, "random_start_position": {"enabled": true, "default": [300, 400], "x_range": [0, 550], "y_range": [400, 401], "value": [551, 400]}}}, {"episode": 76, "average_return": 20.09706593995414, "episode_scores": [182.43602342233518, 9.351792319653741, -131.49661792212652], "uncertainty": {"wind": {"enabled": true, "default": 0, "range": [1, 19], "value": 15}, "gravity": {"enabled": true, "default": -10, "range": [-12, -5], "value": -12}, "random_start_position": {"enabled": true, "default": [300, 400], "x_range": [0, 550], "y_range": [400, 401], "value": [0, 400]}}}, {"episode": 77, "average_return": -70.5647218232504, "episode_scores": [-116.16503920659281, -100.0, 4.470873736841639], "uncertainty": {"wind": {"enabled": true, "default": 0, "range": [1, 19], "value": 15}, "gravity": {"enabled": true, "default": -10, "range": [-12, -5], "value": -10}, "random_start_position": {"enabled": true, "default": [300, 400], "x_range": [0, 550], "y_range": [400, 401], "value": [275, 400]}}}, {"episode": 78, "average_return": 29.298952059651356, "episode_scores": [-80.67311460900918, -100.0, 268.56997078796326], "uncertainty": {"wind": {"enabled": true, "default": 0, "range": [1, 19], "value": 7}, "gravity": {"enabled": true, "default": -10, "range": [-12, -5], "value": -10}, "random_start_position": {"enabled": true, "default": [300, 400], "x_range": [0, 550], "y_range": [400, 401], "value": [275, 400]}}}, {"episode": 79, "average_return": -187.53121801829556, "episode_scores": [-93.13283602609957, -100.0, -369.4608180287871], "uncertainty": {"wind": {"enabled": true, "default": 0, "range": [1, 19], "value": 7}, "gravity": {"enabled": true, "default": -10, "range": [-12, -5], "value": -10}, "random_start_position": {"enabled": true, "default": [300, 400], "x_range": [0, 550], "y_range": [400, 401], "value": [551, 400]}}}, {"episode": 80, "average_return": -209.14168043811966, "episode_scores": [-473.8293236067208, 27.35052669175059, -180.94624439938877], "uncertainty": {"wind": {"enabled": true, "default": 0, "range": [1, 19], "value": 7}, "gravity": {"enabled": true, "default": -10, "range": [-12, -5], "value": -12}, "random_start_position": {"enabled": true, "default": [300, 400], "x_range": [0, 550], "y_range": [400, 401], "value": [551, 400]}}}, {"episode": 81, "average_return": -14.600962246162984, "episode_scores": [126.9798226490227, -70.78270938751164, -100.0], "uncertainty": {"wind": {"enabled": true, "default": 0, "range": [1, 19], "value": 15}, "gravity": {"enabled": true, "default": -10, "range": [-12, -5], "value": -10}, "random_start_position": {"enabled": true, "default": [300, 400], "x_range": [0, 550], "y_range": [400, 401], "value": [0, 400]}}}, {"episode": 82, "average_return": -143.97612715499488, "episode_scores": [-150.80943949794363, -181.118941967041, -100.0], "uncertainty": {"wind": {"enabled": true, "default": 0, "range": [1, 19], "value": 15}, "gravity": {"enabled": true, "default": -10, "range": [-12, -5], "value": -10}, "random_start_position": {"enabled": true, "default": [300, 400], "x_range": [0, 550], "y_range": [400, 401], "value": [0, 400]}}}, {"episode": 83, "average_return": 39.236517868519854, "episode_scores": [-34.753647831044745, 252.46320143660432, -100.0], "uncertainty": {"wind": {"enabled": true, "default": 0, "range": [1, 19], "value": 0}, "gravity": {"enabled": true, "default": -10, "range": [-12, -5], "value": -7}, "random_start_position": {"enabled": true, "default": [300, 400], "x_range": [0, 550], "y_range": [400, 401], "value": [0, 400]}}}, {"episode": 84, "average_return": 0.5767175023146743, "episode_scores": [-100.0, -126.92414423505684, 228.65429674200087], "uncertainty": {"wind": {"enabled": true, "default": 0, "range": [1, 19], "value": 0}, "gravity": {"enabled": true, "default": -10, "range": [-12, -5], "value": -10}, "random_start_position": {"enabled": true, "default": [300, 400], "x_range": [0, 550], "y_range": [400, 401], "value": [275, 400]}}}, {"episode": 85, "average_return": -18.973286436319444, "episode_scores": [-74.3154224555545, -100.0, 117.39556314659615], "uncertainty": {"wind": {"enabled": true, "default": 0, "range": [1, 19], "value": 15}, "gravity": {"enabled": true, "default": -10, "range": [-12, -5], "value": -10}, "random_start_position": {"enabled": true, "default": [300, 400], "x_range": [0, 550], "y_range": [400, 401], "value": [275, 400]}}}, {"episode": 86, "average_return": -236.0440706431792, "episode_scores": [-510.928828423907, -97.20338350563055, -100.0], "uncertainty": {"wind": {"enabled": true, "default": 0, "range": [1, 19], "value": 0}, "gravity": {"enabled": true, "default": -10, "range": [-12, -5], "value": -10}, "random_start_position": {"enabled": true, "default": [300, 400], "x_range": [0, 550], "y_range": [400, 401], "value": [0, 400]}}}, {"episode": 87, "average_return": -142.67055068700074, "episode_scores": [-165.05057565495386, -133.87934656211053, -129.08172984393786], "uncertainty": {"wind": {"enabled": true, "default": 0, "range": [1, 19], "value": 15}, "gravity": {"enabled": true, "default": -10, "range": [-12, -5], "value": -7}, "random_start_position": {"enabled": true, "default": [300, 400], "x_range": [0, 550], "y_range": [400, 401], "value": [551, 400]}}}, {"episode": 88, "average_return": -12.71817847965525, "episode_scores": [123.30266325918784, -100.0, -61.45719869815359], "uncertainty": {"wind": {"enabled": true, "default": 0, "range": [1, 19], "value": 7}, "gravity": {"enabled": true, "default": -10, "range": [-12, -5], "value": -12}, "random_start_position": {"enabled": true, "default": [300, 400], "x_range": [0, 550], "y_range": [400, 401], "value": [551, 400]}}}, {"episode": 89, "average_return": 80.19055762851173, "episode_scores": [-142.2406274818864, 143.18700800805755, 239.62529235936404], "uncertainty": {"wind": {"enabled": true, "default": 0, "range": [1, 19], "value": 15}, "gravity": {"enabled": true, "default": -10, "range": [-12, -5], "value": -12}, "random_start_position": {"enabled": true, "default": [300, 400], "x_range": [0, 550], "y_range": [400, 401], "value": [275, 400]}}}, {"episode": 90, "average_return": 13.076886498142718, "episode_scores": [-100.0, 242.65813938174676, -103.42747988731861], "uncertainty": {"wind": {"enabled": true, "default": 0, "range": [1, 19], "value": 7}, "gravity": {"enabled": true, "default": -10, "range": [-12, -5], "value": -7}, "random_start_position": {"enabled": true, "default": [300, 400], "x_range": [0, 550], "y_range": [400, 401], "value": [551, 400]}}}, {"episode": 91, "average_return": -2.0265290224811188, "episode_scores": [139.20094590106393, -111.04422534195756, -34.23630762654973], "uncertainty": {"wind": {"enabled": true, "default": 0, "range": [1, 19], "value": 0}, "gravity": {"enabled": true, "default": -10, "range": [-12, -5], "value": -12}, "random_start_position": {"enabled": true, "default": [300, 400], "x_range": [0, 550], "y_range": [400, 401], "value": [0, 400]}}}, {"episode": 92, "average_return": -104.26424483369219, "episode_scores": [-272.87330233603177, -20.77375676141577, -19.145675403629035], "uncertainty": {"wind": {"enabled": true, "default": 0, "range": [1, 19], "value": 7}, "gravity": {"enabled": true, "default": -10, "range": [-12, -5], "value": -12}, "random_start_position": {"enabled": true, "default": [300, 400], "x_range": [0, 550], "y_range": [400, 401], "value": [551, 400]}}}, {"episode": 93, "average_return": 5.043305938116087, "episode_scores": [39.11012390202711, 127.5507631064127, -151.53096919409157], "uncertainty": {"wind": {"enabled": true, "default": 0, "range": [1, 19], "value": 15}, "gravity": {"enabled": true, "default": -10, "range": [-12, -5], "value": -12}, "random_start_position": {"enabled": true, "default": [300, 400], "x_range": [0, 550], "y_range": [400, 401], "value": [275, 400]}}}, {"episode": 94, "average_return": -164.61754359570253, "episode_scores": [-252.7570747312115, -141.0955560558961, -100.0], "uncertainty": {"wind": {"enabled": true, "default": 0, "range": [1, 19], "value": 0}, "gravity": {"enabled": true, "default": -10, "range": [-12, -5], "value": -10}, "random_start_position": {"enabled": true, "default": [300, 400], "x_range": [0, 550], "y_range": [400, 401], "value": [0, 400]}}}, {"episode": 95, "average_return": -171.74689861514477, "episode_scores": [-179.37871904862885, -100.0, -235.86197679680544], "uncertainty": {"wind": {"enabled": true, "default": 0, "range": [1, 19], "value": 7}, "gravity": {"enabled": true, "default": -10, "range": [-12, -5], "value": -10}, "random_start_position": {"enabled": true, "default": [300, 400], "x_range": [0, 550], "y_range": [400, 401], "value": [551, 400]}}}, {"episode": 96, "average_return": -44.54378644572203, "episode_scores": [-300.2616367044612, -111.40537721263969, 278.03565457993477], "uncertainty": {"wind": {"enabled": true, "default": 0, "range": [1, 19], "value": 15}, "gravity": {"enabled": true, "default": -10, "range": [-12, -5], "value": -12}, "random_start_position": {"enabled": true, "default": [300, 400], "x_range": [0, 550], "y_range": [400, 401], "value": [0, 400]}}}, {"episode": 97, "average_return": -108.96208703367897, "episode_scores": [67.94363093991267, -237.7402987845714, -157.08959325637818], "uncertainty": {"wind": {"enabled": true, "default": 0, "range": [1, 19], "value": 0}, "gravity": {"enabled": true, "default": -10, "range": [-12, -5], "value": -10}, "random_start_position": {"enabled": true, "default": [300, 400], "x_range": [0, 550], "y_range": [400, 401], "value": [0, 400]}}}, {"episode": 98, "average_return": -637.915486309219, "episode_scores": [-942.285662209267, -178.37107023698883, -793.089726481401], "uncertainty": {"wind": {"enabled": true, "default": 0, "range": [1, 19], "value": 7}, "gravity": {"enabled": true, "default": -10, "range": [-12, -5], "value": -7}, "random_start_position": {"enabled": true, "default": [300, 400], "x_range": [0, 550], "y_range": [400, 401], "value": [275, 400]}}}, {"episode": 99, "average_return": -155.5212385024797, "episode_scores": [-100.0, -86.39667742126605, -280.16703808617297], "uncertainty": {"wind": {"enabled": true, "default": 0, "range": [1, 19], "value": 7}, "gravity": {"enabled": true, "default": -10, "range": [-12, -5], "value": -12}, "random_start_position": {"enabled": true, "default": [300, 400], "x_range": [0, 550], "y_range": [400, 401], "value": [275, 400]}}}, {"episode": 100, "average_return": -93.47522137530166, "episode_scores": [-63.14791387002656, -89.54953592733625, -127.72821432854212], "uncertainty": {"wind": {"enabled": true, "default": 0, "range": [1, 19], "value": 7}, "gravity": {"enabled": true, "default": -10, "range": [-12, -5], "value": -7}, "random_start_position": {"enabled": true, "default": [300, 400], "x_range": [0, 550], "y_range": [400, 401], "value": [275, 400]}}}, {"episode": 101, "average_return": -162.49826222526775, "episode_scores": [-162.4126294843622, -218.73958084055005, -106.34257635089097], "uncertainty": {"wind": {"enabled": true, "default": 0, "range": [1, 19], "value": 7}, "gravity": {"enabled": true, "default": -10, "range": [-12, -5], "value": -10}, "random_start_position": {"enabled": true, "default": [300, 400], "x_range": [0, 550], "y_range": [400, 401], "value": [551, 400]}}}, {"episode": 102, "average_return": -835.0588073404347, "episode_scores": [-548.2873183182801, -726.3189428595657, -1230.5701608434583], "uncertainty": {"wind": {"enabled": true, "default": 0, "range": [1, 19], "value": 0}, "gravity": {"enabled": true, "default": -10, "range": [-12, -5], "value": -10}, "random_start_position": {"enabled": true, "default": [300, 400], "x_range": [0, 550], "y_range": [400, 401], "value": [0, 400]}}}, {"episode": 103, "average_return": -160.6961551933402, "episode_scores": [-62.87292046591577, -316.9694102679138, -102.24613484619096], "uncertainty": {"wind": {"enabled": true, "default": 0, "range": [1, 19], "value": 0}, "gravity": {"enabled": true, "default": -10, "range": [-12, -5], "value": -12}, "random_start_position": {"enabled": true, "default": [300, 400], "x_range": [0, 550], "y_range": [400, 401], "value": [551, 400]}}}, {"episode": 104, "average_return": -173.1742314220128, "episode_scores": [-292.08010831271747, -100.0, -127.44258595332101], "uncertainty": {"wind": {"enabled": true, "default": 0, "range": [1, 19], "value": 7}, "gravity": {"enabled": true, "default": -10, "range": [-12, -5], "value": -12}, "random_start_position": {"enabled": true, "default": [300, 400], "x_range": [0, 550], "y_range": [400, 401], "value": [551, 400]}}}, {"episode": 105, "average_return": -140.39018530911366, "episode_scores": [-148.76401468376656, -108.47295934940678, -163.93358189416762], "uncertainty": {"wind": {"enabled": true, "default": 0, "range": [1, 19], "value": 7}, "gravity": {"enabled": true, "default": -10, "range": [-12, -5], "value": -10}, "random_start_position": {"enabled": true, "default": [300, 400], "x_range": [0, 550], "y_range": [400, 401], "value": [275, 400]}}}, {"episode": 106, "average_return": 45.67744149675651, "episode_scores": [-100.0, 34.901249223072995, 202.13107526719654], "uncertainty": {"wind": {"enabled": true, "default": 0, "range": [1, 19], "value": 0}, "gravity": {"enabled": true, "default": -10, "range": [-12, -5], "value": -10}, "random_start_position": {"enabled": true, "default": [300, 400], "x_range": [0, 550], "y_range": [400, 401], "value": [551, 400]}}}, {"episode": 107, "average_return": -286.464407460613, "episode_scores": [-435.55428030016975, -10.638350724588982, -413.2005913570804], "uncertainty": {"wind": {"enabled": true, "default": 0, "range": [1, 19], "value": 15}, "gravity": {"enabled": true, "default": -10, "range": [-12, -5], "value": -10}, "random_start_position": {"enabled": true, "default": [300, 400], "x_range": [0, 550], "y_range": [400, 401], "value": [551, 400]}}}, {"episode": 108, "average_return": -343.11442494222314, "episode_scores": [-201.12721893973904, -242.70819985106894, -585.5078560358613], "uncertainty": {"wind": {"enabled": true, "default": 0, "range": [1, 19], "value": 0}, "gravity": {"enabled": true, "default": -10, "range": [-12, -5], "value": -12}, "random_start_position": {"enabled": true, "default": [300, 400], "x_range": [0, 550], "y_range": [400, 401], "value": [551, 400]}}}, {"episode": 109, "average_return": -204.73312562797457, "episode_scores": [-3.5530906493706924, -100.0, -510.64628623455303], "uncertainty": {"wind": {"enabled": true, "default": 0, "range": [1, 19], "value": 0}, "gravity": {"enabled": true, "default": -10, "range": [-12, -5], "value": -10}, "random_start_position": {"enabled": true, "default": [300, 400], "x_range": [0, 550], "y_range": [400, 401], "value": [551, 400]}}}, {"episode": 110, "average_return": -248.86545797522442, "episode_scores": [-395.0816497217445, -447.217555815141, 95.70283161121218], "uncertainty": {"wind": {"enabled": true, "default": 0, "range": [1, 19], "value": 0}, "gravity": {"enabled": true, "default": -10, "range": [-12, -5], "value": -10}, "random_start_position": {"enabled": true, "default": [300, 400], "x_range": [0, 550], "y_range": [400, 401], "value": [0, 400]}}}, {"episode": 111, "average_return": 33.46105644345012, "episode_scores": [171.81572001442873, -31.87478121516407, -39.557769468914316], "uncertainty": {"wind": {"enabled": true, "default": 0, "range": [1, 19], "value": 15}, "gravity": {"enabled": true, "default": -10, "range": [-12, -5], "value": -10}, "random_start_position": {"enabled": true, "default": [300, 400], "x_range": [0, 550], "y_range": [400, 401], "value": [275, 400]}}}, {"episode": 112, "average_return": -98.6551674248583, "episode_scores": [-163.00004134993958, -96.0916166118398, -36.87384431279552], "uncertainty": {"wind": {"enabled": true, "default": 0, "range": [1, 19], "value": 0}, "gravity": {"enabled": true, "default": -10, "range": [-12, -5], "value": -12}, "random_start_position": {"enabled": true, "default": [300, 400], "x_range": [0, 550], "y_range": [400, 401], "value": [0, 400]}}}, {"episode": 113, "average_return": -150.85865419458585, "episode_scores": [-199.175225284104, -128.2748337274595, -125.12590357219409], "uncertainty": {"wind": {"enabled": true, "default": 0, "range": [1, 19], "value": 15}, "gravity": {"enabled": true, "default": -10, "range": [-12, -5], "value": -10}, "random_start_position": {"enabled": true, "default": [300, 400], "x_range": [0, 550], "y_range": [400, 401], "value": [551, 400]}}}], "config": {"general": {"model_type": "multi", "save_results": true, "render_training": false, "render_evaluation": false, "verbose": true}, "uncertainty": {"wind": {"enabled": true, "default": 0, "range": [1, 19], "value": "Non87"}, "gravity": {"enabled": true, "default": -10, "range": [-12, -5], "value": "None"}, "random_start_position": {"enabled": true, "default": [300, 400], "x_range": [0, 550], "y_range": [400, 401], "value": "None"}}, "network": {"layers": [{"nodes": 256, "activation": "relu"}, {"nodes": 256, "activation": "relu"}, {"nodes": 256, "activation": "relu"}, {"nodes": 4, "activation": "linear"}], "loss_function": "mse", "optimizer": "adam", "learning_rate": 0.001}, "training": {"batch_size": 64, "epsilon": {"min": 0.01, "max": 0.2, "change": 1}}, "number_of_episodes": 1000, "max_steps": 500, "number_of_actions": 4, "gamma": 0.99, "save_location": "../models/", "memory": {"size": 1000000}, "evaluation_episodes": 1, "best_score": 200, "robust_test_threshold": 200, "input_dimensions": 44}}