{"note": "Single All", "results": [{"episode": 0, "simple_eval_scores": [-293.1889279885116, -380.6386300095135, -290.8615448187536, -364.2375479225504, -605.9241345354536, -841.2454387232435, -369.646743945747, -10.514335385826541], "robust_eval_scores": [0], "uncertainty": {"wind": {"enabled": true, "default": 0, "range": [1, 19], "value": 6}, "gravity": {"enabled": true, "default": -10, "range": [-15, -5], "value": -13}, "start_position": {"enabled": true, "default": [300, 400], "x_range": [0, 550], "y_range": [400, 401], "value": [95, 400]}}}], "config": {"general": {"model_type": "single", "save_results": true, "render_training": false, "render_evaluation": false, "verbose": false}, "uncertainty": {"wind": {"enabled": true, "default": 0, "range": [1, 19], "value": 16}, "gravity": {"enabled": true, "default": -10, "range": [-15, -5], "value": -13}, "start_position": {"enabled": true, "default": [300, 400], "x_range": [0, 550], "y_range": [400, 401], "value": [445, 400]}}, "network": {"layers": [{"nodes": 128, "activation": "relu"}, {"nodes": 128, "activation": "relu"}, {"nodes": 4, "activation": "linear"}], "loss_function": "mse", "optimizer": "adam", "learning_rate": 0.001}, "training": {"timesteps": 6, "batch_size": 16, "epsilon": {"min": 0.01, "max": 0.2, "change": 1}, "input_shape": 8}, "number_of_episodes": 3, "max_steps": 200, "number_of_actions": 4, "gamma": 0.99, "save_location": "../saved_models/", "memory": {"size": 1000000}, "evaluation_episodes": 1, "best_score": 100, "robust_test_threshold": 100}}
