{"note": "Single All", "results": [{"episode": 0, "simple_eval_scores": [-1272.2325555618959, -1455.97317111894, -1706.9758387289976, -1740.5205150684296, -1952.094252898219, -1537.604892310779, -1550.8978950970802, -607.9578238008968], "robust_eval_scores": [0], "uncertainty": {"wind": {"enabled": true, "default": 0, "range": [1, 19], "value": 1}, "gravity": {"enabled": true, "default": -10, "range": [-15, -5], "value": -13}, "start_position": {"enabled": true, "default": [300, 400], "x_range": [0, 550], "y_range": [400, 401], "value": [217, 400]}}}, {"episode": 0, "simple_eval_scores": [-363.0381457539758, -700.7628419719205, -354.8308647871544, -1103.8201340022665, -774.1625884261707, -561.3822462153782, -1041.5059533263232, -1017.0057643624555], "robust_eval_scores": [0], "uncertainty": {"wind": {"enabled": true, "default": 0, "range": [1, 19], "value": 1}, "gravity": {"enabled": true, "default": -10, "range": [-15, -5], "value": -13}, "start_position": {"enabled": true, "default": [300, 400], "x_range": [0, 550], "y_range": [400, 401], "value": [217, 400]}}}], "config": {"general": {"model_type": "single", "save_results": true, "render_training": false, "render_evaluation": false, "verbose": false}, "uncertainty": {"wind": {"enabled": true, "default": 0, "range": [1, 19], "value": 2}, "gravity": {"enabled": true, "default": -10, "range": [-15, -5], "value": -8}, "start_position": {"enabled": true, "default": [300, 400], "x_range": [0, 550], "y_range": [400, 401], "value": [427, 400]}}, "network": {"layers": [{"nodes": 128, "activation": "relu"}, {"nodes": 128, "activation": "relu"}, {"nodes": 4, "activation": "linear"}], "loss_function": "mse", "optimizer": "adam", "learning_rate": 0.001}, "training": {"timesteps": 6, "batch_size": 16, "epsilon": {"min": 0.01, "max": 0.2, "change": 1}, "input_shape": 8}, "number_of_episodes": 3, "max_steps": 200, "number_of_actions": 4, "gamma": 0.99, "save_location": "../saved_models/", "memory": {"size": 1000000}, "evaluation_episodes": 1, "best_score": 100, "robust_test_threshold": 100}}
